ID,t,Price1,Price2,Price3,Price4,Disp1,Dip2,Disp3,Disp4,Buy1,Buy2,Buy3,Buy4
1,1,1,0.8,1,0.6,1,0,0,0,1,0,0,0
1,2,0.9,1,1,0.8,1,0,1,0,1,0,0,0
1,3,1,1,1,1,1,0,0,0,1,0,0,0
1,4,0.9,1,1,1,0,0,1,0,1,0,0,0
1,5,1,0.8,0.8,0.8,0,0,0,1,1,0,0,0
1,6,1,1,1,1,1,0,0,1,1,0,0,0
1,7,1,1,0.6,1,0,0,1,0,0,0,1,0
1,8,1,0.6,1,0.8,0,0,0,0,1,0,0,0
1,9,1,0.8,1,1,0,0,1,0,0,0,0,1
1,10,0.8,0.6,0.6,1,1,0,0,0,1,0,0,0
2,1,1,0.8,1,0.6,0,1,1,0,1,0,0,0
2,2,1,0.6,0.6,0.8,1,0,1,0,0,0,1,0
2,3,1,1,0.6,1,0,0,0,1,1,0,0,0
2,4,1,1,0.8,0.8,0,0,1,0,1,0,0,0
2,5,0.9,0.6,1,1,0,0,0,0,0,1,0,0
2,6,0.8,1,0.8,0.8,1,0,0,0,1,0,0,0
2,7,1,1,1,1,0,0,1,1,0,0,1,0
2,8,0.9,1,1,0.6,0,0,0,0,0,1,0,0
2,9,0.9,0.8,1,0.8,0,0,0,1,0,0,0,1
2,10,0.9,1,1,0.8,0,0,0,0,0,1,0,0
3,1,1,1,1,0.6,0,0,0,1,0,0,0,1
3,2,0.9,1,1,0.6,0,0,0,0,0,0,0,1
3,3,0.9,1,1,0.8,0,0,1,1,0,0,0,1
3,4,1,1,0.6,1,1,0,0,0,1,0,0,0
3,5,1,0.8,1,1,0,0,1,0,0,0,1,0
3,6,1,1,1,0.8,0,0,0,1,1,0,0,0
3,7,1,0.8,1,1,1,0,0,0,1,0,0,0
3,8,1,1,1,1,0,0,1,0,0,0,1,0
3,9,1,0.8,1,1,0,1,0,0,0,0,1,0
3,10,1,0.8,0.6,0.6,0,1,0,0,0,1,0,0
4,1,1,1,1,1,0,0,0,1,0,0,0,1
4,2,1,0.8,1,1,0,0,0,0,0,1,0,0
4,3,1,1,0.6,0.6,0,0,0,1,0,0,1,0
4,4,1,0.6,1,1,0,0,0,1,0,1,0,0
4,5,0.8,1,0.8,1,0,0,1,0,1,0,0,0
4,6,1,0.8,1,0.8,0,0,1,0,1,0,0,0
4,7,1,0.8,1,0.8,0,0,0,0,0,1,0,0
4,8,1,1,0.8,1,1,0,1,0,0,0,1,0
4,9,1,1,1,0.8,0,0,0,0,1,0,0,0
4,10,0.8,1,1,0.6,0,0,0,0,1,0,0,0
5,1,1,0.6,1,1,1,0,0,0,0,1,0,0
5,2,1,1,1,1,0,0,0,1,0,0,0,1
5,3,1,0.8,1,0.8,0,0,1,0,0,0,1,0
5,4,1,0.8,1,0.8,0,0,0,0,0,0,0,1
5,5,0.9,0.6,0.6,1,0,0,1,1,0,0,1,0
5,6,1,1,1,1,0,0,0,1,0,0,0,1
5,7,1,0.6,1,1,0,0,1,0,0,1,0,0
5,8,1,1,1,1,0,1,0,0,1,0,0,0
5,9,1,1,1,0.6,0,0,0,1,0,0,0,1
5,10,1,0.6,1,1,0,0,1,0,0,0,0,1
6,1,1,0.8,1,0.8,0,0,1,1,0,0,1,0
6,2,1,0.6,1,1,1,0,1,0,1,0,0,0
6,3,1,1,1,1,0,0,0,0,0,0,1,0
6,4,1,1,1,1,0,0,0,0,0,0,1,0
6,5,0.9,1,0.6,1,0,0,0,0,1,0,0,0
6,6,1,1,0.6,0.6,0,0,1,0,0,0,0,1
6,7,1,0.6,1,0.8,0,0,1,0,0,0,1,0
6,8,1,1,1,0.6,0,0,1,1,1,0,0,0
6,9,1,0.8,1,1,0,0,1,0,1,0,0,0
6,10,1,1,1,0.6,0,0,0,1,0,0,0,1
7,1,1,1,0.6,1,0,0,0,0,1,0,0,0
7,2,1,0.8,1,1,1,0,0,0,1,0,0,0
7,3,1,1,0.6,1,0,0,0,1,0,0,1,0
7,4,1,1,1,1,0,0,0,0,0,1,0,0
7,5,1,1,0.6,1,0,0,0,0,0,1,0,0
7,6,0.8,0.8,0.6,0.8,1,1,1,1,1,0,0,0
7,7,1,0.6,1,0.8,0,0,0,0,0,1,0,0
7,8,1,1,1,1,0,0,1,0,0,0,1,0
7,9,0.9,0.8,0.6,1,0,0,0,0,0,0,0,1
7,10,1,0.6,1,0.8,0,0,1,0,0,0,1,0
8,1,1,1,0.6,1,0,0,1,1,0,0,1,0
8,2,1,1,0.8,1,0,1,0,0,1,0,0,0
8,3,1,0.8,1,1,0,0,1,1,0,1,0,0
8,4,1,1,0.6,1,0,0,0,0,0,0,1,0
8,5,1,0.8,0.6,0.6,0,0,0,1,0,0,0,1
8,6,0.9,1,1,0.8,1,0,1,0,1,0,0,0
8,7,1,1,1,1,0,0,0,1,1,0,0,0
8,8,0.9,0.8,1,0.6,0,0,1,0,0,0,0,1
8,9,0.9,1,0.8,0.6,1,0,0,0,1,0,0,0
8,10,1,0.8,1,1,0,0,0,0,0,1,0,0
9,1,1,0.8,1,0.8,0,0,0,1,0,1,0,0
9,2,1,0.8,1,0.6,0,0,0,0,0,1,0,0
9,3,1,1,0.6,1,0,0,1,0,0,0,1,0
9,4,1,0.8,1,0.8,0,0,1,0,0,0,0,1
9,5,1,0.6,1,0.8,0,0,0,1,0,1,0,0
9,6,1,1,1,0.6,0,0,0,0,1,0,0,0
9,7,0.9,1,1,1,0,0,0,0,0,1,0,0
9,8,1,0.8,1,0.8,0,0,1,0,1,0,0,0
9,9,1,1,0.6,1,0,0,0,0,0,0,1,0
9,10,0.9,0.8,0.6,1,0,1,0,0,0,1,0,0
10,1,1,0.8,0.8,1,0,0,1,0,0,0,1,0
10,2,1,0.8,0.6,1,0,0,0,1,1,0,0,0
10,3,1,0.8,1,1,0,0,1,1,0,1,0,0
10,4,1,1,0.6,0.8,0,0,0,0,1,0,0,0
10,5,1,0.8,1,0.8,1,0,1,1,1,0,0,0
10,6,0.8,1,0.6,1,1,0,1,1,1,0,0,0
10,7,1,1,1,0.8,0,0,1,0,0,0,1,0
10,8,1,0.6,1,1,0,0,0,1,0,0,0,1
10,9,1,0.8,0.6,0.6,0,0,0,1,1,0,0,0
10,10,0.9,0.8,1,1,1,0,0,1,1,0,0,0
11,1,1,1,0.6,1,0,1,0,0,0,1,0,0
11,2,1,0.6,1,1,0,1,1,1,0,1,0,0
11,3,1,1,0.6,0.8,0,0,0,0,0,1,0,0
11,4,1,1,1,1,0,1,0,1,0,0,0,1
11,5,0.9,0.8,1,0.8,0,0,1,0,0,0,1,0
11,6,1,0.8,0.6,0.8,0,1,1,1,0,0,1,0
11,7,1,1,0.6,1,0,0,0,0,0,0,1,0
11,8,1,1,0.6,1,0,0,1,1,0,0,1,0
11,9,1,0.8,0.6,1,0,0,0,0,0,1,0,0
11,10,1,1,0.6,1,0,0,0,0,1,0,0,0
12,1,1,0.8,0.6,1,0,0,1,0,0,0,1,0
12,2,1,1,1,0.8,0,0,0,1,0,0,0,1
12,3,1,0.8,1,1,0,0,0,1,0,0,1,0
12,4,0.9,0.8,1,0.6,0,0,0,1,1,0,0,0
12,5,1,0.8,0.6,0.6,1,0,0,0,1,0,0,0
12,6,1,0.8,1,1,1,0,0,0,1,0,0,0
12,7,1,0.8,1,1,0,0,0,0,0,1,0,0
12,8,1,0.8,1,1,1,0,1,1,1,0,0,0
12,9,1,1,1,0.6,0,0,0,1,0,0,0,1
12,10,1,0.8,1,1,0,0,0,0,1,0,0,0
13,1,1,0.8,1,0.6,0,0,0,1,0,0,0,1
13,2,1,1,1,1,0,0,1,1,0,0,0,1
13,3,0.8,1,1,0.8,1,0,0,0,0,0,0,1
13,4,1,0.6,1,0.8,0,0,0,0,0,1,0,0
13,5,1,1,1,0.6,0,0,1,0,0,1,0,0
13,6,0.8,1,1,1,0,0,0,0,1,0,0,0
13,7,0.9,1,0.6,0.6,1,0,1,1,0,0,1,0
13,8,1,1,1,1,1,0,1,0,1,0,0,0
13,9,1,1,0.8,1,0,0,0,1,0,0,0,1
13,10,1,1,1,0.6,0,0,1,0,0,0,1,0
14,1,1,1,1,1,0,0,1,0,0,0,1,0
14,2,0.9,0.8,0.8,0.8,0,0,1,1,0,0,0,1
14,3,1,0.8,1,1,0,0,0,0,1,0,0,0
14,4,1,1,1,0.8,0,0,0,0,0,0,0,1
14,5,1,1,0.8,1,0,0,0,0,0,0,1,0
14,6,0.9,1,1,0.6,0,0,0,0,0,0,0,1
14,7,1,1,1,1,0,0,0,1,1,0,0,0
14,8,0.9,1,1,1,0,0,0,0,1,0,0,0
14,9,1,0.8,1,1,0,1,0,0,0,1,0,0
14,10,1,0.6,1,1,0,0,0,1,0,1,0,0
15,1,1,1,1,1,0,0,0,0,1,0,0,0
15,2,0.8,1,1,0.6,0,0,0,0,0,1,0,0
15,3,1,0.8,1,0.8,1,0,0,1,0,0,0,1
15,4,1,1,1,0.8,1,0,0,0,1,0,0,0
15,5,1,1,1,0.8,1,0,0,0,1,0,0,0
15,6,1,0.8,1,0.6,0,0,0,0,0,1,0,0
15,7,1,0.8,1,0.6,0,0,0,1,0,0,0,1
15,8,1,0.8,1,1,0,0,1,0,0,0,1,0
15,9,1,1,0.8,1,0,0,0,0,1,0,0,0
15,10,0.8,0.8,1,1,0,1,1,1,0,1,0,0
16,1,1,1,1,0.6,0,0,1,1,1,0,0,0
16,2,1,0.8,1,0.8,0,0,0,0,1,0,0,0
16,3,0.9,1,1,1,0,0,0,0,0,1,0,0
16,4,1,1,0.6,1,1,0,1,1,1,0,0,0
16,5,1,1,1,1,0,0,1,0,0,1,0,0
16,6,1,1,0.6,1,0,0,0,1,0,0,0,1
16,7,1,1,0.6,1,0,0,1,0,0,0,1,0
16,8,1,1,0.6,1,0,0,1,0,0,0,1,0
16,9,1,1,1,0.8,0,0,1,0,1,0,0,0
16,10,0.9,0.8,0.6,0.8,0,0,1,1,0,0,0,1
17,1,0.9,1,1,1,0,0,0,0,1,0,0,0
17,2,1,0.8,0.8,0.8,0,0,0,0,1,0,0,0
17,3,1,0.6,1,0.6,0,0,0,0,1,0,0,0
17,4,1,1,1,1,0,0,0,0,1,0,0,0
17,5,0.9,0.8,1,1,0,0,0,0,1,0,0,0
17,6,1,1,0.8,0.6,0,0,0,0,0,0,0,1
17,7,1,1,1,0.6,0,0,1,0,0,0,0,1
17,8,1,0.8,0.6,0.8,0,0,0,1,0,1,0,0
17,9,1,1,0.6,1,1,0,0,0,1,0,0,0
17,10,1,0.6,1,1,0,0,0,0,0,1,0,0
18,1,1,0.8,1,1,0,0,1,1,0,0,0,1
18,2,1,1,1,0.6,0,1,0,1,1,0,0,0
18,3,1,0.8,0.8,0.8,0,0,1,0,1,0,0,0
18,4,1,0.8,1,1,0,0,0,1,1,0,0,0
18,5,1,0.6,1,0.8,0,0,0,0,0,1,0,0
18,6,1,0.6,1,1,0,0,1,0,0,1,0,0
18,7,1,0.6,0.6,0.8,0,0,1,0,0,0,1,0
18,8,1,1,1,0.8,0,0,0,0,0,0,0,1
18,9,1,0.8,1,1,1,0,0,0,1,0,0,0
18,10,1,0.6,1,0.8,0,0,0,0,0,1,0,0
19,1,1,1,1,1,0,0,0,0,0,0,1,0
19,2,1,0.8,0.8,0.6,0,0,1,0,0,0,1,0
19,3,1,1,0.8,0.6,0,0,0,0,0,0,0,1
19,4,1,1,1,0.6,0,0,1,1,0,0,0,1
19,5,1,0.8,1,0.8,0,1,0,0,0,1,0,0
19,6,1,0.6,1,0.6,0,0,1,1,0,0,0,1
19,7,1,0.8,1,1,1,0,0,0,1,0,0,0
19,8,1,0.6,1,1,0,0,0,0,0,1,0,0
19,9,1,0.8,1,1,0,0,1,1,1,0,0,0
19,10,0.9,1,1,1,0,0,1,0,1,0,0,0
20,1,1,0.8,1,0.6,0,0,0,1,0,0,0,1
20,2,1,1,1,0.8,0,0,0,0,0,1,0,0
20,3,1,1,1,1,1,0,1,1,0,0,1,0
20,4,1,1,0.6,0.8,0,0,0,0,1,0,0,0
20,5,1,0.8,1,0.6,0,0,1,0,1,0,0,0
20,6,1,1,1,0.6,0,0,0,1,1,0,0,0
20,7,1,1,1,0.6,0,0,0,0,0,0,0,1
20,8,1,0.6,1,0.8,0,0,0,0,0,1,0,0
20,9,1,0.8,1,1,0,0,0,1,1,0,0,0
20,10,1,0.6,0.8,1,0,0,0,1,0,1,0,0
21,1,1,0.8,1,0.8,0,0,0,1,0,0,0,1
21,2,0.8,0.8,1,1,0,0,0,1,0,0,0,1
21,3,1,0.8,0.6,1,0,0,1,0,0,0,1,0
21,4,1,0.6,0.8,1,1,0,1,1,1,0,0,0
21,5,1,1,1,1,1,0,0,0,1,0,0,0
21,6,1,0.8,1,1,1,0,0,0,1,0,0,0
21,7,1,1,1,0.8,1,0,0,1,1,0,0,0
21,8,1,0.8,1,0.8,1,0,1,1,1,0,0,0
21,9,1,0.6,1,0.6,1,0,0,0,1,0,0,0
21,10,0.9,1,0.6,1,0,0,0,0,1,0,0,0
22,1,1,0.8,1,0.8,0,0,0,1,0,1,0,0
22,2,1,0.8,1,0.8,0,0,0,0,1,0,0,0
22,3,1,1,0.8,0.8,0,1,0,1,0,0,0,1
22,4,1,0.8,1,1,0,0,0,0,0,0,0,1
22,5,1,1,1,1,0,0,1,0,1,0,0,0
22,6,1,1,0.6,0.8,0,0,0,0,0,0,1,0
22,7,1,1,0.8,1,0,0,0,1,0,1,0,0
22,8,1,1,1,1,0,0,0,0,1,0,0,0
22,9,1,0.8,0.6,1,0,0,1,0,0,0,1,0
22,10,1,0.8,0.6,1,0,0,0,0,1,0,0,0
23,1,1,0.6,1,0.8,0,0,1,0,0,1,0,0
23,2,1,1,1,0.8,0,0,0,1,0,0,0,1
23,3,1,0.6,0.6,0.8,1,0,1,1,0,0,1,0
23,4,1,0.8,1,0.8,0,0,1,0,0,1,0,0
23,5,1,1,1,1,1,1,0,0,1,0,0,0
23,6,1,0.8,1,0.8,0,0,1,0,0,1,0,0
23,7,1,1,1,0.6,0,0,0,0,0,0,0,1
23,8,0.9,1,1,1,0,0,1,0,0,0,1,0
23,9,1,0.8,1,0.8,0,0,1,0,1,0,0,0
23,10,1,1,1,1,1,0,0,0,1,0,0,0
24,1,1,1,1,0.8,1,0,0,1,0,0,0,1
24,2,1,0.8,1,0.8,0,0,0,0,0,1,0,0
24,3,0.9,1,1,1,0,0,0,0,1,0,0,0
24,4,1,1,0.6,1,0,0,1,0,0,0,1,0
24,5,1,1,1,0.8,0,0,0,1,0,0,0,1
24,6,1,1,1,0.8,0,0,0,0,1,0,0,0
24,7,1,0.8,0.8,1,0,0,0,1,0,1,0,0
24,8,1,1,1,0.6,0,0,0,0,0,0,0,1
24,9,0.9,1,0.6,1,1,0,0,1,1,0,0,0
24,10,0.9,0.8,1,0.6,0,0,0,0,1,0,0,0
25,1,1,0.6,1,1,0,1,0,1,0,1,0,0
25,2,1,0.8,1,0.8,1,0,1,0,1,0,0,0
25,3,1,0.8,1,1,0,0,1,0,1,0,0,0
25,4,1,0.6,1,1,0,0,0,0,1,0,0,0
25,5,1,0.6,1,0.6,0,0,0,1,0,0,0,1
25,6,1,0.6,1,1,0,0,0,0,0,1,0,0
25,7,1,0.6,1,0.8,0,0,0,1,0,0,0,1
25,8,1,0.6,1,0.8,1,0,0,0,1,0,0,0
25,9,1,1,1,1,0,0,1,1,0,0,0,1
25,10,1,0.6,1,0.6,0,0,1,1,0,0,1,0
26,1,1,1,1,1,0,0,1,0,1,0,0,0
26,2,1,0.8,0.6,0.8,1,0,1,0,0,1,0,0
26,3,1,0.6,1,0.8,1,0,1,0,1,0,0,0
26,4,1,1,1,0.6,0,0,1,1,1,0,0,0
26,5,0.9,1,0.6,0.6,0,0,0,1,0,0,0,1
26,6,0.9,0.8,1,1,1,0,1,1,1,0,0,0
26,7,1,1,1,1,0,1,0,0,0,1,0,0
26,8,1,0.8,1,0.6,0,0,1,1,0,0,0,1
26,9,1,1,1,0.8,0,0,0,1,1,0,0,0
26,10,1,0.8,1,0.8,1,1,0,0,0,1,0,0
27,1,1,1,0.6,1,0,0,1,1,0,0,1,0
27,2,1,0.6,0.8,1,0,0,0,1,1,0,0,0
27,3,1,0.8,0.8,0.6,0,1,0,1,0,0,0,1
27,4,1,0.6,1,0.8,0,1,0,0,0,1,0,0
27,5,1,1,0.8,0.8,1,0,0,0,1,0,0,0
27,6,1,1,1,0.8,1,0,1,1,0,0,1,0
27,7,1,0.6,0.6,0.8,0,0,1,1,0,0,0,1
27,8,1,0.8,1,1,0,0,1,0,0,0,1,0
27,9,1,1,1,0.8,0,0,0,1,0,0,0,1
27,10,1,1,0.6,0.8,0,0,1,0,0,0,1,0
28,1,1,0.6,1,1,0,0,0,0,1,0,0,0
28,2,1,0.8,1,0.8,0,0,1,0,1,0,0,0
28,3,1,0.8,0.6,0.6,0,0,0,1,0,0,0,1
28,4,1,1,1,0.8,1,0,1,0,1,0,0,0
28,5,1,0.8,1,1,0,0,0,0,0,0,1,0
28,6,1,1,0.6,0.6,0,1,1,0,0,0,0,1
28,7,1,1,1,0.6,0,0,1,1,0,0,0,1
28,8,1,0.6,0.6,1,0,0,0,0,0,1,0,0
28,9,0.9,0.6,1,0.8,0,0,1,1,1,0,0,0
28,10,0.9,0.8,1,1,0,0,0,0,0,1,0,0
29,1,1,1,1,1,0,1,1,1,0,0,0,1
29,2,1,1,1,1,1,0,1,0,1,0,0,0
29,3,1,1,1,0.8,0,0,0,1,0,0,0,1
29,4,1,0.8,1,0.6,0,0,1,1,0,1,0,0
29,5,1,1,1,1,0,1,0,0,1,0,0,0
29,6,1,0.8,0.6,0.6,0,1,0,0,0,0,0,1
29,7,1,0.8,1,1,0,0,1,0,0,0,1,0
29,8,1,1,0.8,0.8,0,0,1,1,0,0,0,1
29,9,1,0.6,1,0.6,0,0,0,0,0,1,0,0
29,10,1,1,1,0.6,0,0,0,0,1,0,0,0
30,1,1,0.8,1,0.8,0,0,0,0,0,0,0,1
30,2,1,1,1,0.6,0,1,0,0,0,0,0,1
30,3,1,0.8,1,0.6,0,0,1,0,1,0,0,0
30,4,1,0.8,1,1,0,1,1,1,0,1,0,0
30,5,1,1,0.8,1,0,0,0,0,1,0,0,0
30,6,1,1,1,1,0,0,0,0,0,0,1,0
30,7,1,1,0.6,0.6,0,0,1,0,0,0,1,0
30,8,1,1,0.8,0.6,0,0,1,0,0,0,1,0
30,9,1,0.8,1,0.8,0,0,1,0,0,0,0,1
30,10,1,1,1,1,0,0,1,0,0,0,1,0
31,1,1,1,1,0.8,0,0,1,0,1,0,0,0
31,2,1,0.8,0.8,1,1,0,0,1,1,0,0,0
31,3,1,0.8,1,1,0,0,0,1,0,1,0,0
31,4,1,1,1,0.8,0,0,0,0,1,0,0,0
31,5,0.9,0.6,1,1,0,0,1,0,0,1,0,0
31,6,1,0.8,1,0.8,0,1,0,0,0,1,0,0
31,7,1,1,1,0.6,1,0,0,0,1,0,0,0
31,8,1,1,1,0.8,0,0,0,0,1,0,0,0
31,9,1,1,1,1,1,0,1,0,1,0,0,0
31,10,1,0.6,1,1,0,0,1,1,0,1,0,0
32,1,1,1,1,0.8,0,1,0,0,1,0,0,0
32,2,1,1,1,1,0,0,0,1,1,0,0,0
32,3,1,0.6,1,1,0,1,1,1,0,1,0,0
32,4,1,1,1,0.8,0,0,0,1,0,0,0,1
32,5,1,1,0.6,0.8,0,0,1,0,0,0,1,0
32,6,1,0.8,1,0.6,0,1,1,0,0,0,1,0
32,7,1,0.6,0.8,1,0,0,1,0,0,1,0,0
32,8,1,0.8,0.6,1,0,0,0,0,1,0,0,0
32,9,1,0.8,0.6,0.8,1,0,0,1,1,0,0,0
32,10,0.8,0.6,1,1,0,0,1,0,0,1,0,0
33,1,0.9,0.8,0.6,0.6,0,1,0,0,0,1,0,0
33,2,1,1,1,1,1,0,0,0,1,0,0,0
33,3,1,1,1,0.8,0,0,0,1,1,0,0,0
33,4,0.9,0.8,1,0.8,0,0,1,0,1,0,0,0
33,5,1,0.8,1,0.8,0,0,0,1,1,0,0,0
33,6,1,0.6,1,1,0,0,1,0,0,0,1,0
33,7,0.9,1,1,1,0,0,0,0,1,0,0,0
33,8,1,0.8,1,1,0,0,1,0,1,0,0,0
33,9,1,1,1,1,0,0,1,1,1,0,0,0
33,10,1,0.8,1,1,0,0,0,1,0,0,0,1
34,1,1,1,1,1,0,0,1,0,1,0,0,0
34,2,1,1,1,1,0,0,0,1,1,0,0,0
34,3,1,0.8,1,0.6,0,0,0,1,0,0,0,1
34,4,1,1,1,0.6,0,0,0,0,1,0,0,0
34,5,1,1,1,0.8,0,0,1,1,0,0,0,1
34,6,1,0.8,1,1,0,0,0,0,0,0,0,1
34,7,1,1,1,1,0,0,0,1,1,0,0,0
34,8,1,0.6,0.8,1,0,0,1,1,0,1,0,0
34,9,1,1,0.6,0.8,0,0,0,0,1,0,0,0
34,10,1,0.8,1,0.8,0,0,0,0,1,0,0,0
35,1,1,1,1,1,1,0,0,1,0,0,0,1
35,2,1,1,1,0.8,0,0,0,0,1,0,0,0
35,3,1,1,0.6,1,0,0,0,0,1,0,0,0
35,4,1,1,1,1,0,0,0,0,1,0,0,0
35,5,1,0.8,1,1,0,0,1,0,0,0,1,0
35,6,0.8,1,1,0.6,0,0,0,0,1,0,0,0
35,7,0.9,0.8,0.8,0.8,0,0,1,0,0,0,1,0
35,8,1,1,1,0.8,0,0,0,1,0,0,0,1
35,9,1,1,1,0.6,0,1,0,0,0,1,0,0
35,10,1,0.8,1,0.8,1,1,0,1,0,0,0,1
36,1,0.9,1,1,0.8,0,0,1,0,0,0,1,0
36,2,1,1,1,0.8,0,0,0,0,0,0,0,1
36,3,1,0.6,1,1,0,0,1,1,1,0,0,0
36,4,1,1,1,1,0,0,1,1,1,0,0,0
36,5,1,0.8,0.6,1,0,0,1,0,0,1,0,0
36,6,1,1,1,0.8,0,0,0,1,0,0,0,1
36,7,1,0.8,1,0.8,1,0,0,1,1,0,0,0
36,8,1,1,0.8,1,0,0,1,1,0,0,1,0
36,9,0.9,1,0.8,1,0,0,1,1,1,0,0,0
36,10,1,0.8,1,1,0,0,0,0,0,1,0,0
37,1,1,1,1,0.8,0,0,0,1,0,0,0,1
37,2,0.8,0.6,0.6,1,0,0,0,1,1,0,0,0
37,3,1,1,1,1,1,0,1,1,1,0,0,0
37,4,0.9,0.8,0.6,0.8,1,0,1,1,0,0,1,0
37,5,1,1,0.6,1,0,1,0,1,0,1,0,0
37,6,1,0.8,1,1,1,0,1,1,0,0,1,0
37,7,1,1,1,0.6,0,0,1,1,0,0,1,0
37,8,0.9,0.8,0.6,0.8,0,0,1,0,0,0,1,0
37,9,1,0.8,1,0.6,1,0,0,1,1,0,0,0
37,10,1,0.8,0.6,0.6,0,0,0,0,0,0,1,0
38,1,1,1,1,0.8,0,0,1,1,0,0,0,1
38,2,1,0.6,1,0.8,1,0,1,1,1,0,0,0
38,3,1,0.8,0.6,0.6,0,0,0,0,0,0,0,1
38,4,1,0.8,1,0.6,1,0,0,0,1,0,0,0
38,5,1,1,1,0.8,0,1,1,0,0,1,0,0
38,6,1,0.8,0.6,1,0,0,1,0,0,0,1,0
38,7,1,1,1,0.8,0,0,0,0,1,0,0,0
38,8,1,0.6,0.6,1,0,0,1,1,0,1,0,0
38,9,1,1,1,0.8,0,0,1,0,0,0,1,0
38,10,1,1,1,1,0,0,1,0,0,0,0,1
39,1,0.9,0.8,1,1,1,0,0,0,1,0,0,0
39,2,0.9,1,1,1,0,0,0,0,1,0,0,0
39,3,1,0.6,0.6,0.8,1,0,1,1,0,0,1,0
39,4,1,1,1,1,0,0,0,0,1,0,0,0
39,5,1,1,1,0.6,0,0,0,1,0,0,1,0
39,6,1,0.8,1,1,0,0,0,0,0,0,0,1
39,7,1,1,1,1,0,0,0,0,0,0,0,1
39,8,1,1,0.6,1,0,0,0,0,1,0,0,0
39,9,1,1,0.6,1,0,0,0,0,0,0,1,0
39,10,0.8,0.8,1,0.6,0,0,1,0,0,1,0,0
40,1,1,1,1,1,0,0,1,1,1,0,0,0
40,2,1,0.8,1,1,0,0,0,0,0,1,0,0
40,3,1,0.6,0.6,1,0,0,0,0,0,0,0,1
40,4,1,1,1,0.8,1,1,0,1,1,0,0,0
40,5,1,0.8,1,1,0,0,1,0,0,0,1,0
40,6,0.9,0.8,1,0.8,0,1,0,0,0,1,0,0
40,7,1,1,0.6,1,0,1,0,1,0,0,1,0
40,8,1,1,1,0.8,0,1,1,0,0,0,1,0
40,9,0.9,0.8,1,0.8,1,0,0,0,1,0,0,0
40,10,1,1,0.8,1,0,0,0,1,0,0,0,1
41,1,1,0.8,1,1,0,0,0,0,1,0,0,0
41,2,1,0.8,0.8,0.8,1,0,0,0,1,0,0,0
41,3,1,1,1,1,0,0,0,1,0,0,0,1
41,4,1,0.8,0.6,1,1,0,0,0,1,0,0,0
41,5,0.9,1,1,1,0,0,0,0,1,0,0,0
41,6,0.9,1,1,1,0,0,1,0,0,0,1,0
41,7,1,0.6,1,1,1,0,0,0,1,0,0,0
41,8,1,0.6,0.6,1,0,0,1,1,0,0,1,0
41,9,1,0.6,1,1,0,0,0,0,0,1,0,0
41,10,0.8,0.8,1,1,0,0,1,0,0,0,1,0
42,1,1,0.8,1,1,0,0,1,0,0,1,0,0
42,2,1,0.8,1,1,0,0,0,0,1,0,0,0
42,3,0.9,1,1,1,0,0,1,0,0,0,1,0
42,4,1,0.8,1,1,0,0,1,0,1,0,0,0
42,5,0.9,0.8,1,0.6,1,0,0,1,0,0,0,1
42,6,1,0.8,0.8,1,0,1,1,1,0,1,0,0
42,7,1,1,0.8,0.8,0,0,0,1,0,0,0,1
42,8,1,0.8,1,1,0,0,1,1,0,0,1,0
42,9,1,0.8,0.8,0.8,0,0,0,1,0,0,0,1
42,10,1,0.8,0.6,1,0,0,0,0,0,1,0,0
43,1,0.8,0.6,0.6,0.8,1,0,1,1,1,0,0,0
43,2,0.8,0.6,0.8,1,1,0,0,0,1,0,0,0
43,3,1,0.6,1,0.8,0,0,0,1,0,0,0,1
43,4,1,1,1,1,1,0,0,0,1,0,0,0
43,5,0.9,1,0.8,1,0,0,1,0,0,0,1,0
43,6,1,0.8,1,0.8,0,0,0,0,1,0,0,0
43,7,1,0.6,0.8,0.6,0,0,0,0,1,0,0,0
43,8,0.9,0.8,1,1,0,0,0,0,0,1,0,0
43,9,0.9,1,1,0.6,1,0,0,1,1,0,0,0
43,10,1,0.6,0.8,0.6,0,0,0,1,0,1,0,0
44,1,1,0.6,0.6,0.6,0,0,1,0,0,0,0,1
44,2,1,1,1,1,0,0,0,0,0,0,0,1
44,3,1,0.8,1,1,0,0,0,1,1,0,0,0
44,4,1,1,1,1,0,0,1,1,0,0,1,0
44,5,1,1,0.6,1,0,0,1,1,0,0,1,0
44,6,0.9,0.8,0.6,0.6,0,1,0,0,1,0,0,0
44,7,1,1,1,0.8,0,0,0,0,1,0,0,0
44,8,1,1,1,0.6,0,0,1,0,0,0,0,1
44,9,1,1,0.8,0.8,0,0,1,1,0,0,0,1
44,10,0.8,1,0.6,0.6,0,0,1,0,0,0,1,0
45,1,0.9,0.8,1,0.8,1,0,0,0,1,0,0,0
45,2,1,1,1,0.8,0,0,0,0,1,0,0,0
45,3,1,0.8,1,0.8,1,0,1,0,0,0,1,0
45,4,1,0.6,1,1,0,1,0,0,0,1,0,0
45,5,1,0.6,0.6,1,0,0,0,1,0,1,0,0
45,6,0.9,1,1,1,0,1,0,1,0,0,0,1
45,7,1,1,0.6,0.6,0,0,1,1,0,0,0,1
45,8,1,1,1,1,0,0,1,0,0,0,1,0
45,9,0.9,1,0.6,0.8,1,0,1,1,1,0,0,0
45,10,1,0.6,1,1,0,0,1,0,0,0,1,0
46,1,1,0.6,1,0.6,0,0,0,0,1,0,0,0
46,2,1,1,0.8,1,0,0,0,1,0,1,0,0
46,3,1,0.6,1,1,0,0,1,0,0,1,0,0
46,4,1,0.6,1,0.8,1,0,0,1,0,1,0,0
46,5,1,1,1,1,0,0,0,1,0,0,0,1
46,6,1,1,1,0.6,0,0,0,1,0,0,0,1
46,7,1,0.6,1,1,0,0,0,0,1,0,0,0
46,8,1,1,0.8,0.8,0,0,1,1,0,0,0,1
46,9,1,1,0.6,1,0,0,0,0,0,0,1,0
46,10,1,0.6,1,0.6,0,0,0,0,0,1,0,0
47,1,1,1,1,1,0,0,1,1,0,0,0,1
47,2,1,1,1,0.8,1,0,0,1,1,0,0,0
47,3,1,1,0.6,1,0,0,0,0,0,1,0,0
47,4,1,0.8,0.6,0.8,0,0,1,0,0,0,1,0
47,5,1,1,1,0.6,0,0,1,1,0,0,0,1
47,6,1,0.8,0.8,0.8,0,0,0,1,0,1,0,0
47,7,1,0.6,1,0.8,0,0,0,0,0,1,0,0
47,8,0.8,0.8,1,0.6,0,1,1,1,0,1,0,0
47,9,0.9,0.6,1,0.8,0,0,0,1,1,0,0,0
47,10,1,0.8,1,1,0,0,1,1,1,0,0,0
48,1,1,0.8,1,0.8,0,0,1,0,0,1,0,0
48,2,1,1,0.6,1,0,0,0,0,0,0,1,0
48,3,1,0.8,1,1,1,0,1,1,0,0,0,1
48,4,0.9,1,1,1,0,0,0,0,0,1,0,0
48,5,1,1,1,0.6,0,0,0,1,1,0,0,0
48,6,1,0.6,1,1,0,0,1,0,0,1,0,0
48,7,1,1,0.8,1,0,0,1,1,0,0,0,1
48,8,1,0.6,0.6,1,0,0,1,0,0,0,1,0
48,9,0.9,1,1,1,0,0,0,0,1,0,0,0
48,10,0.9,1,1,0.8,0,0,0,0,0,0,1,0
49,1,1,1,0.6,0.8,0,0,0,1,0,0,0,1
49,2,1,1,0.6,0.6,0,0,1,0,0,0,1,0
49,3,1,1,0.6,0.6,0,0,1,0,0,0,1,0
49,4,1,1,0.8,1,0,0,1,0,0,0,1,0
49,5,0.9,0.6,1,1,0,0,0,0,1,0,0,0
49,6,1,1,1,1,0,0,0,0,1,0,0,0
49,7,1,1,1,1,0,0,0,1,0,0,0,1
49,8,1,1,1,1,0,0,0,0,0,1,0,0
49,9,0.9,0.6,1,1,0,0,0,0,1,0,0,0
49,10,0.9,0.8,1,1,0,0,1,0,0,1,0,0
50,1,1,0.6,1,1,0,0,0,1,1,0,0,0
50,2,0.9,1,1,1,0,0,1,0,1,0,0,0
50,3,0.9,1,1,0.8,0,0,0,0,1,0,0,0
50,4,1,1,1,1,1,0,1,0,1,0,0,0
50,5,1,0.6,1,1,0,0,0,0,1,0,0,0
50,6,0.9,0.8,0.6,0.6,1,0,1,1,0,0,0,1
50,7,1,0.6,0.6,0.6,1,0,0,1,0,0,0,1
50,8,1,1,0.6,1,0,0,0,0,0,0,1,0
50,9,1,0.6,1,1,1,1,0,0,0,1,0,0
50,10,1,1,1,1,0,0,1,1,0,1,0,0
51,1,1,1,1,1,0,0,1,1,0,1,0,0
51,2,0.9,1,1,1,0,0,0,1,0,0,0,1
51,3,1,1,0.6,1,0,0,1,0,0,0,1,0
51,4,1,0.8,1,0.8,0,1,0,0,0,1,0,0
51,5,1,1,1,1,0,1,0,1,0,1,0,0
51,6,1,1,1,0.8,0,0,0,0,0,0,1,0
51,7,1,1,1,1,0,0,1,0,0,0,0,1
51,8,1,0.6,1,1,0,0,0,0,1,0,0,0
51,9,1,0.8,1,0.6,0,0,0,0,0,1,0,0
51,10,1,1,0.6,1,0,0,1,1,0,0,1,0
52,1,1,1,1,0.8,1,0,1,1,1,0,0,0
52,2,1,0.6,1,1,0,0,0,0,0,1,0,0
52,3,1,1,1,1,1,0,1,0,1,0,0,0
52,4,1,0.8,1,1,0,0,0,0,1,0,0,0
52,5,1,1,1,0.8,1,0,1,0,1,0,0,0
52,6,1,1,1,0.8,0,0,1,1,0,1,0,0
52,7,1,0.6,1,1,1,1,1,0,0,1,0,0
52,8,1,1,1,1,0,1,0,0,0,1,0,0
52,9,1,1,1,0.8,1,0,1,1,0,0,0,1
52,10,0.9,1,1,1,0,1,0,0,0,1,0,0
53,1,1,1,1,0.8,1,0,0,1,1,0,0,0
53,2,1,0.8,0.8,0.6,0,0,1,0,0,0,1,0
53,3,1,0.8,0.8,0.8,0,0,1,0,0,1,0,0
53,4,1,1,1,0.8,0,0,0,0,1,0,0,0
53,5,1,0.6,0.8,1,0,0,0,0,0,1,0,0
53,6,1,0.6,1,1,0,0,1,0,0,1,0,0
53,7,0.9,0.8,1,1,0,0,0,1,0,1,0,0
53,8,1,1,0.8,1,1,1,0,0,1,0,0,0
53,9,1,0.8,1,1,1,0,0,0,1,0,0,0
53,10,0.9,0.8,1,1,0,1,0,0,0,1,0,0
54,1,1,0.8,1,1,0,0,1,1,0,0,0,1
54,2,1,0.6,0.6,0.8,1,0,1,0,0,0,1,0
54,3,1,1,1,1,1,0,0,0,1,0,0,0
54,4,1,0.8,1,1,0,0,0,1,1,0,0,0
54,5,1,1,1,1,0,0,1,0,1,0,0,0
54,6,1,0.8,1,0.6,0,0,1,0,0,1,0,0
54,7,1,1,1,0.6,0,0,1,0,0,0,1,0
54,8,0.8,0.6,1,1,0,0,1,1,0,0,1,0
54,9,1,1,1,0.6,0,0,0,0,1,0,0,0
54,10,1,1,1,0.8,0,0,0,0,0,1,0,0
55,1,1,1,0.8,0.8,1,0,0,0,1,0,0,0
55,2,1,0.8,1,0.8,0,0,1,0,1,0,0,0
55,3,1,1,1,0.6,0,0,1,1,1,0,0,0
55,4,1,1,0.8,0.8,0,0,1,1,1,0,0,0
55,5,0.9,1,0.8,1,1,0,1,1,1,0,0,0
55,6,1,0.8,1,0.8,1,0,0,0,1,0,0,0
55,7,1,0.6,1,1,0,0,0,1,0,0,0,1
55,8,1,0.8,1,1,0,0,0,1,1,0,0,0
55,9,1,1,1,1,1,0,1,0,1,0,0,0
55,10,1,0.6,1,1,0,1,1,1,0,1,0,0
56,1,1,1,1,0.8,0,0,0,1,0,0,0,1
56,2,1,0.8,1,0.6,0,0,1,0,0,0,1,0
56,3,1,1,1,0.8,0,1,0,0,1,0,0,0
56,4,1,1,1,0.8,0,0,0,1,0,0,0,1
56,5,1,0.6,1,0.6,0,0,0,1,0,0,0,1
56,6,1,1,0.6,0.6,0,0,1,0,0,0,1,0
56,7,1,1,1,1,0,0,0,1,0,0,0,1
56,8,1,0.8,0.6,1,0,0,0,0,1,0,0,0
56,9,1,0.8,1,0.6,0,0,1,0,0,0,1,0
56,10,1,1,1,0.6,0,0,1,0,0,1,0,0
57,1,1,0.6,1,1,0,0,0,1,0,0,0,1
57,2,1,0.6,0.6,0.8,0,0,0,0,0,0,1,0
57,3,1,1,1,1,0,0,1,1,0,1,0,0
57,4,1,0.8,1,1,0,0,0,1,0,1,0,0
57,5,1,1,1,0.8,0,0,0,1,0,0,0,1
57,6,0.8,0.8,0.8,1,0,0,0,0,1,0,0,0
57,7,1,1,1,0.8,0,0,0,0,1,0,0,0
57,8,1,1,0.6,0.6,0,0,1,0,0,0,1,0
57,9,0.9,1,0.6,0.8,0,0,0,0,0,0,1,0
57,10,1,0.8,0.6,0.8,0,0,0,1,0,0,1,0
58,1,0.9,1,1,1,0,0,1,0,1,0,0,0
58,2,1,0.6,1,0.8,1,0,0,1,1,0,0,0
58,3,0.8,0.8,1,1,0,1,1,1,0,1,0,0
58,4,1,0.8,1,0.8,1,0,1,1,0,0,0,1
58,5,1,0.6,0.6,1,0,1,0,0,0,1,0,0
58,6,1,1,0.6,0.8,0,1,0,0,0,0,1,0
58,7,1,0.8,1,1,0,0,0,0,0,0,0,1
58,8,0.8,1,0.6,1,0,0,1,1,1,0,0,0
58,9,0.8,1,0.6,1,0,0,1,0,0,0,1,0
58,10,0.9,0.8,1,1,1,0,0,1,1,0,0,0
59,1,1,1,1,1,0,0,1,1,0,0,0,1
59,2,0.9,0.8,1,0.6,0,0,1,0,1,0,0,0
59,3,1,0.8,1,0.8,0,0,0,1,0,0,0,1
59,4,0.8,1,0.6,1,1,0,0,0,1,0,0,0
59,5,1,1,1,0.6,0,0,0,1,0,0,0,1
59,6,1,0.8,0.6,0.8,0,0,1,0,0,0,1,0
59,7,1,1,1,0.8,0,0,0,0,1,0,0,0
59,8,0.8,0.6,1,0.6,0,0,1,0,0,1,0,0
59,9,1,1,1,1,0,0,0,0,0,0,1,0
59,10,1,0.8,1,0.6,0,0,0,0,1,0,0,0
60,1,1,0.6,1,0.6,0,0,0,1,0,0,0,1
60,2,1,0.8,0.6,0.8,0,0,0,1,0,0,0,1
60,3,0.9,1,1,1,0,0,1,0,1,0,0,0
60,4,0.9,0.8,1,0.6,0,0,1,1,0,0,1,0
60,5,1,0.8,1,1,0,1,0,0,0,1,0,0
60,6,1,1,1,1,0,0,0,0,1,0,0,0
60,7,1,0.8,1,0.6,0,0,1,0,0,0,1,0
60,8,0.9,1,0.6,0.8,0,1,0,0,0,0,0,1
60,9,1,0.8,1,0.6,1,0,1,1,1,0,0,0
60,10,1,0.6,1,1,0,0,1,0,0,0,1,0
61,1,1,1,0.6,1,0,0,1,0,0,0,1,0
61,2,1,0.8,0.8,0.6,0,0,1,0,0,0,1,0
61,3,1,0.6,0.8,1,0,0,1,0,0,0,1,0
61,4,0.9,0.8,0.6,0.8,0,0,1,1,0,0,0,1
61,5,0.9,1,1,1,0,0,0,0,0,0,0,1
61,6,1,1,1,0.8,0,0,0,0,1,0,0,0
61,7,1,0.6,0.6,0.8,1,0,1,1,0,1,0,0
61,8,1,1,0.8,1,0,0,1,1,0,0,1,0
61,9,1,0.6,0.8,0.8,0,0,1,1,0,0,0,1
61,10,1,0.8,1,1,1,0,0,1,1,0,0,0
62,1,1,0.8,0.6,0.8,0,0,1,0,0,0,1,0
62,2,1,0.8,1,0.8,0,0,1,0,0,0,1,0
62,3,1,1,1,1,1,0,0,0,1,0,0,0
62,4,1,1,1,0.8,0,0,0,0,1,0,0,0
62,5,1,1,1,1,0,0,0,1,1,0,0,0
62,6,1,0.6,0.6,0.6,0,0,0,0,0,1,0,0
62,7,1,1,1,0.6,0,0,1,1,0,0,0,1
62,8,1,0.6,0.6,1,0,0,0,1,0,0,0,1
62,9,1,0.8,1,1,0,1,0,1,0,0,0,1
62,10,1,1,0.6,0.8,0,0,1,0,0,0,1,0
63,1,1,0.8,1,1,0,0,1,1,1,0,0,0
63,2,0.9,1,0.6,0.8,0,0,0,1,1,0,0,0
63,3,0.9,0.8,0.6,0.8,0,0,0,0,0,0,1,0
63,4,0.9,1,1,0.8,0,0,1,1,0,0,1,0
63,5,1,1,1,1,0,0,0,0,1,0,0,0
63,6,1,1,1,0.8,0,0,1,1,1,0,0,0
63,7,0.9,1,1,0.6,1,0,1,0,0,0,0,1
63,8,1,0.8,1,0.8,0,0,0,1,0,0,0,1
63,9,0.9,1,0.6,0.8,0,0,0,1,1,0,0,0
63,10,1,0.8,1,0.8,1,0,1,1,1,0,0,0
64,1,0.9,1,0.6,1,1,0,1,0,1,0,0,0
64,2,1,1,1,1,0,0,0,1,1,0,0,0
64,3,1,1,1,0.8,0,0,0,1,0,0,0,1
64,4,1,0.8,1,1,1,0,0,1,1,0,0,0
64,5,1,0.6,1,0.6,0,0,0,0,0,1,0,0
64,6,1,1,1,0.6,0,0,0,1,0,0,0,1
64,7,1,0.8,1,1,1,0,0,1,0,0,0,1
64,8,1,0.6,1,0.8,0,1,1,1,0,1,0,0
64,9,1,1,0.6,0.8,0,0,0,0,1,0,0,0
64,10,1,0.6,1,1,1,0,0,1,1,0,0,0
65,1,1,1,1,0.8,0,0,1,0,1,0,0,0
65,2,1,1,1,1,0,0,0,1,1,0,0,0
65,3,1,1,1,0.8,0,0,1,0,0,0,1,0
65,4,1,0.8,1,0.6,0,0,0,0,1,0,0,0
65,5,1,0.6,1,0.6,1,0,0,0,1,0,0,0
65,6,0.8,0.8,1,0.8,1,0,0,0,1,0,0,0
65,7,1,1,0.8,1,0,1,1,0,0,1,0,0
65,8,1,1,1,0.8,0,0,1,0,0,1,0,0
65,9,1,0.8,1,1,0,0,1,1,0,0,0,1
65,10,0.9,0.8,1,1,1,1,0,1,0,1,0,0
66,1,1,0.6,0.6,1,1,0,1,0,0,0,1,0
66,2,1,1,0.8,1,0,0,1,1,0,0,0,1
66,3,0.8,0.8,1,1,0,0,0,0,1,0,0,0
66,4,0.9,1,1,1,0,0,0,0,1,0,0,0
66,5,1,1,1,1,0,0,1,1,0,0,0,1
66,6,0.9,0.6,1,1,0,0,0,1,0,1,0,0
66,7,1,1,1,1,0,0,1,0,0,0,1,0
66,8,1,0.8,1,1,0,0,1,0,0,1,0,0
66,9,1,1,0.6,0.6,0,0,0,0,1,0,0,0
66,10,1,0.8,1,0.8,0,0,0,0,0,1,0,0
67,1,0.8,0.6,1,1,1,0,0,0,1,0,0,0
67,2,0.9,1,1,1,0,0,0,1,1,0,0,0
67,3,1,1,1,0.8,0,0,1,1,0,0,0,1
67,4,0.8,1,0.8,1,0,0,1,1,0,1,0,0
67,5,1,1,1,1,0,0,1,0,0,1,0,0
67,6,1,1,1,0.8,0,0,1,1,0,0,0,1
67,7,1,0.6,1,1,0,0,1,1,0,1,0,0
67,8,0.9,0.8,1,1,0,0,0,0,1,0,0,0
67,9,1,1,1,1,0,0,0,0,1,0,0,0
67,10,1,1,0.6,1,0,0,0,0,0,0,0,1
68,1,1,0.6,1,0.6,0,0,1,1,0,0,0,1
68,2,1,1,1,0.6,0,0,1,0,1,0,0,0
68,3,0.8,0.6,0.6,0.8,1,0,1,1,0,0,1,0
68,4,1,1,1,0.8,0,0,0,1,0,0,0,1
68,5,1,0.8,0.6,0.8,0,0,0,0,0,1,0,0
68,6,1,0.6,0.6,1,0,0,0,1,0,0,0,1
68,7,1,1,1,0.6,0,1,0,0,1,0,0,0
68,8,1,1,1,1,1,0,0,0,1,0,0,0
68,9,0.9,1,0.6,0.8,0,0,0,1,1,0,0,0
68,10,1,1,1,0.8,0,0,1,0,1,0,0,0
69,1,1,1,1,0.8,0,0,0,1,1,0,0,0
69,2,1,1,1,0.8,0,0,1,1,0,0,0,1
69,3,1,1,0.6,1,1,0,0,0,1,0,0,0
69,4,1,0.8,0.8,1,1,0,0,1,0,0,0,1
69,5,1,1,1,1,0,1,0,1,1,0,0,0
69,6,1,0.6,1,0.8,0,0,0,0,0,0,1,0
69,7,0.9,0.8,1,0.6,0,0,0,1,0,0,0,1
69,8,1,1,1,1,0,0,0,1,0,1,0,0
69,9,0.9,1,1,1,0,0,1,0,0,0,1,0
69,10,1,0.8,0.6,0.8,0,1,0,0,0,1,0,0
70,1,1,1,1,0.6,0,1,1,0,0,1,0,0
70,2,1,1,1,1,0,0,0,0,0,1,0,0
70,3,1,0.6,0.6,0.6,0,0,0,1,0,0,0,1
70,4,1,0.8,1,1,0,0,0,0,0,1,0,0
70,5,1,1,0.8,1,0,0,0,0,0,1,0,0
70,6,0.9,0.8,0.6,1,0,0,0,0,1,0,0,0
70,7,0.9,0.8,1,0.8,0,0,0,0,1,0,0,0
70,8,1,0.8,1,1,0,0,0,0,0,1,0,0
70,9,1,0.6,1,0.6,0,0,0,0,0,1,0,0
70,10,1,1,0.8,1,0,0,0,1,1,0,0,0
71,1,1,0.6,1,1,0,0,1,1,0,1,0,0
71,2,1,1,1,1,0,0,1,0,0,0,1,0
71,3,1,1,1,1,0,0,1,0,1,0,0,0
71,4,1,1,0.8,0.6,0,0,1,0,0,0,1,0
71,5,1,1,0.6,0.8,0,0,0,0,1,0,0,0
71,6,1,0.6,1,1,0,0,0,1,0,1,0,0
71,7,1,1,0.6,0.8,0,0,0,0,1,0,0,0
71,8,0.9,1,1,0.6,0,0,1,0,1,0,0,0
71,9,1,1,1,1,0,0,0,0,1,0,0,0
71,10,1,1,1,1,0,0,0,1,0,0,0,1
72,1,1,0.8,1,0.8,1,0,1,1,1,0,0,0
72,2,1,0.8,1,0.8,0,0,1,1,0,0,0,1
72,3,0.8,0.6,1,0.8,0,0,0,0,0,1,0,0
72,4,0.9,0.8,1,1,1,0,1,0,1,0,0,0
72,5,1,0.8,1,1,0,0,1,0,1,0,0,0
72,6,0.9,1,1,0.8,0,0,0,1,0,0,0,1
72,7,1,1,0.6,0.8,0,0,1,0,0,0,1,0
72,8,0.9,0.8,1,0.6,0,0,1,1,0,0,0,1
72,9,0.9,0.6,0.8,1,1,0,0,1,1,0,0,0
72,10,0.9,1,1,0.6,0,0,1,0,0,0,0,1
73,1,1,0.6,1,0.6,0,0,0,1,0,0,0,1
73,2,1,0.6,1,0.8,0,0,0,0,1,0,0,0
73,3,1,1,1,0.8,1,0,1,0,0,0,1,0
73,4,1,0.8,1,1,0,0,0,1,0,1,0,0
73,5,1,0.8,0.6,1,1,0,0,0,1,0,0,0
73,6,1,1,1,0.6,1,0,1,0,1,0,0,0
73,7,0.9,0.8,1,1,0,0,1,0,1,0,0,0
73,8,1,1,0.6,0.8,1,0,0,1,1,0,0,0
73,9,1,1,0.8,0.6,0,0,0,0,0,0,1,0
73,10,1,0.8,1,0.6,0,0,1,1,0,0,0,1
74,1,1,1,0.6,1,1,0,0,1,0,0,0,1
74,2,1,1,1,0.6,0,0,0,1,0,0,0,1
74,3,1,0.6,0.6,0.6,0,0,0,0,1,0,0,0
74,4,0.8,0.8,1,0.6,0,0,1,0,1,0,0,0
74,5,1,0.8,0.6,1,1,0,0,1,0,0,0,1
74,6,1,1,1,1,0,0,0,1,0,0,0,1
74,7,1,1,1,0.8,0,0,0,0,1,0,0,0
74,8,1,0.6,0.8,0.6,0,0,0,0,0,1,0,0
74,9,0.9,1,0.6,0.8,1,0,0,1,1,0,0,0
74,10,0.9,0.8,1,1,0,0,1,1,0,0,0,1
75,1,1,0.8,1,1,0,0,0,1,0,1,0,0
75,2,0.9,1,1,1,0,0,0,0,1,0,0,0
75,3,1,1,0.6,1,0,0,0,0,1,0,0,0
75,4,0.9,0.6,1,1,0,0,0,0,1,0,0,0
75,5,1,0.8,0.6,1,1,0,1,0,0,0,1,0
75,6,1,0.8,0.6,1,0,0,0,0,1,0,0,0
75,7,1,0.8,1,0.8,0,0,0,1,0,0,0,1
75,8,1,0.6,0.6,1,0,0,1,0,0,1,0,0
75,9,0.8,0.6,1,0.8,1,0,0,0,0,1,0,0
75,10,1,1,1,0.6,0,0,1,1,0,0,0,1
76,1,1,0.6,1,1,0,0,0,1,0,1,0,0
76,2,1,1,1,1,1,0,1,0,1,0,0,0
76,3,1,1,0.6,0.8,0,0,1,0,0,0,1,0
76,4,1,1,1,0.6,0,0,0,1,0,1,0,0
76,5,1,0.8,1,0.8,0,0,0,0,1,0,0,0
76,6,1,1,0.6,1,0,0,0,1,1,0,0,0
76,7,1,0.8,1,1,0,0,1,0,1,0,0,0
76,8,1,1,1,1,0,0,0,0,1,0,0,0
76,9,0.8,1,0.6,0.8,0,0,0,0,0,0,1,0
76,10,1,0.6,1,0.8,0,0,1,1,0,1,0,0
77,1,0.9,0.8,1,1,0,0,1,0,0,1,0,0
77,2,1,0.8,1,0.8,0,0,0,0,1,0,0,0
77,3,0.9,0.8,1,0.8,0,0,0,0,0,1,0,0
77,4,1,1,0.8,1,0,0,0,0,0,0,1,0
77,5,0.8,0.8,1,1,1,0,1,0,1,0,0,0
77,6,1,1,1,1,0,0,1,1,0,0,1,0
77,7,1,0.8,1,1,1,0,0,0,1,0,0,0
77,8,1,1,0.8,1,0,0,1,1,0,0,1,0
77,9,1,0.8,0.6,0.8,1,0,0,1,1,0,0,0
77,10,1,0.6,0.6,1,1,0,0,1,0,0,1,0
78,1,1,1,1,0.6,0,0,0,0,1,0,0,0
78,2,1,1,0.6,1,0,0,1,0,0,0,1,0
78,3,1,1,1,0.8,0,0,0,1,0,0,0,1
78,4,1,0.8,1,1,0,0,0,1,0,0,0,1
78,5,1,1,1,1,0,0,0,1,1,0,0,0
78,6,1,1,0.6,1,0,1,0,1,0,0,0,1
78,7,1,1,1,1,1,0,0,0,0,0,0,1
78,8,0.9,0.6,0.8,1,0,0,0,0,0,0,1,0
78,9,1,1,0.6,1,0,1,0,0,0,1,0,0
78,10,1,0.6,1,1,0,0,0,0,0,1,0,0
79,1,1,0.8,0.6,0.8,0,0,1,1,0,0,1,0
79,2,1,1,1,1,0,0,0,1,0,1,0,0
79,3,1,0.8,1,0.8,1,1,0,0,0,1,0,0
79,4,0.9,0.6,0.8,0.8,0,0,0,0,1,0,0,0
79,5,1,0.8,1,0.6,0,1,1,0,0,1,0,0
79,6,0.9,0.8,1,1,0,0,1,0,0,1,0,0
79,7,0.9,0.8,1,0.8,0,0,0,0,0,1,0,0
79,8,1,0.8,1,0.8,0,0,1,1,0,0,0,1
79,9,1,0.8,1,0.8,0,0,1,0,0,1,0,0
79,10,1,0.8,1,1,0,0,1,1,1,0,0,0
80,1,1,0.8,1,0.6,0,0,0,1,0,0,0,1
80,2,1,0.8,1,1,0,0,0,1,0,0,0,1
80,3,1,1,0.8,0.8,0,0,0,0,1,0,0,0
80,4,1,0.8,1,1,0,1,0,0,0,1,0,0
80,5,1,1,1,0.8,1,1,1,0,0,1,0,0
80,6,1,1,1,0.8,0,0,1,0,0,0,1,0
80,7,0.8,0.8,1,0.8,0,0,0,0,0,0,0,1
80,8,1,0.6,1,0.6,0,0,0,0,0,1,0,0
80,9,1,1,1,0.8,0,0,0,0,1,0,0,0
80,10,1,1,1,0.8,1,0,1,1,0,0,0,1
81,1,1,1,1,0.8,0,0,1,1,0,0,0,1
81,2,1,1,1,0.6,0,0,1,0,0,0,1,0
81,3,1,0.8,1,1,0,0,1,0,0,0,1,0
81,4,1,1,1,1,0,0,0,0,0,0,0,1
81,5,0.9,1,1,0.6,0,0,0,0,0,0,0,1
81,6,0.9,1,1,0.8,0,0,0,0,0,0,1,0
81,7,1,0.8,1,0.6,1,0,0,1,0,0,0,1
81,8,1,0.6,1,1,0,0,1,1,0,0,1,0
81,9,0.8,0.8,1,0.8,0,0,1,1,0,0,0,1
81,10,1,1,0.6,0.8,1,0,0,1,1,0,0,0
82,1,1,1,1,0.6,0,0,0,0,1,0,0,0
82,2,1,1,0.6,1,0,0,0,1,0,0,1,0
82,3,1,0.8,0.6,0.6,0,0,0,0,0,0,0,1
82,4,1,0.6,1,1,0,1,0,0,0,1,0,0
82,5,1,1,1,0.6,0,0,1,0,0,0,1,0
82,6,1,0.8,1,0.6,0,0,1,0,0,0,0,1
82,7,1,0.8,1,1,0,0,0,0,1,0,0,0
82,8,1,1,0.6,1,0,0,0,0,0,0,0,1
82,9,1,0.8,0.8,1,0,0,1,0,0,0,1,0
82,10,1,1,0.6,1,1,0,0,0,1,0,0,0
83,1,1,0.6,1,0.6,0,0,0,1,0,1,0,0
83,2,1,0.6,1,1,1,0,1,0,0,0,0,1
83,3,0.9,1,0.8,0.6,1,0,1,1,1,0,0,0
83,4,1,0.6,1,0.8,0,0,1,0,0,1,0,0
83,5,1,0.8,1,1,1,1,0,1,1,0,0,0
83,6,1,1,1,1,0,0,0,0,0,0,0,1
83,7,1,1,0.6,1,0,0,1,1,0,0,1,0
83,8,1,0.6,0.6,1,0,0,1,1,0,0,1,0
83,9,1,0.8,0.6,1,0,0,0,0,0,0,1,0
83,10,0.9,0.8,1,1,0,0,0,0,0,1,0,0
84,1,1,0.8,1,1,0,0,0,0,1,0,0,0
84,2,1,1,0.6,1,0,0,0,1,0,0,0,1
84,3,1,1,1,0.6,0,0,0,1,0,0,0,1
84,4,0.9,1,1,0.6,0,0,1,0,1,0,0,0
84,5,1,1,1,1,0,0,1,0,1,0,0,0
84,6,0.9,0.6,1,0.8,0,0,0,0,0,1,0,0
84,7,1,0.8,0.8,1,1,0,0,1,1,0,0,0
84,8,1,0.6,0.8,1,0,0,0,0,0,1,0,0
84,9,1,1,0.6,0.6,1,0,0,0,1,0,0,0
84,10,1,1,0.6,0.8,0,0,1,0,0,0,1,0
85,1,1,1,0.8,1,1,0,1,0,0,0,1,0
85,2,1,1,0.6,0.6,0,0,1,0,0,1,0,0
85,3,1,0.8,1,0.6,0,1,0,0,0,1,0,0
85,4,1,1,0.6,1,1,0,0,0,1,0,0,0
85,5,1,0.8,1,0.8,1,0,0,1,0,0,0,1
85,6,1,0.8,1,1,1,0,0,0,1,0,0,0
85,7,1,1,0.6,1,0,0,1,0,0,0,1,0
85,8,1,1,0.6,0.8,0,0,1,0,0,1,0,0
85,9,1,0.6,1,0.8,1,0,0,1,1,0,0,0
85,10,1,0.6,0.8,0.8,0,0,1,0,0,0,1,0
86,1,1,1,1,0.8,0,0,0,0,0,1,0,0
86,2,1,0.6,0.6,0.6,0,0,1,1,0,0,0,1
86,3,1,1,1,1,0,0,0,1,0,0,0,1
86,4,1,1,1,0.6,0,0,0,0,0,0,0,1
86,5,1,0.8,1,1,1,0,1,0,1,0,0,0
86,6,1,1,1,0.8,0,0,1,0,1,0,0,0
86,7,1,1,1,0.8,1,0,1,0,1,0,0,0
86,8,0.9,0.8,1,1,0,0,0,0,0,1,0,0
86,9,1,1,0.8,0.8,0,0,0,0,0,0,1,0
86,10,0.9,0.6,0.6,0.8,0,0,0,1,1,0,0,0
87,1,1,1,1,1,1,0,0,1,0,0,0,1
87,2,1,0.8,0.6,1,0,0,0,0,0,1,0,0
87,3,0.8,0.6,1,1,0,0,1,0,1,0,0,0
87,4,0.9,0.6,1,1,0,1,0,1,0,1,0,0
87,5,0.9,1,1,0.8,0,0,0,1,0,0,0,1
87,6,1,0.6,1,0.6,1,0,1,0,1,0,0,0
87,7,1,0.8,1,0.8,0,0,1,0,1,0,0,0
87,8,1,0.8,1,0.8,0,0,0,0,1,0,0,0
87,9,1,0.6,1,1,0,0,0,1,0,1,0,0
87,10,1,0.8,1,0.6,0,0,0,0,0,0,0,1
88,1,1,1,1,0.8,0,0,0,0,0,1,0,0
88,2,1,1,0.6,0.6,0,0,1,0,0,0,1,0
88,3,1,1,0.8,0.6,1,0,1,0,1,0,0,0
88,4,1,1,0.6,0.6,0,0,0,0,0,0,0,1
88,5,1,1,0.6,1,0,0,0,1,0,0,0,1
88,6,1,0.8,1,1,0,0,0,0,0,1,0,0
88,7,1,1,1,0.8,0,0,0,1,0,0,0,1
88,8,1,1,0.8,1,0,0,1,0,0,0,1,0
88,9,0.9,1,1,0.8,0,0,0,1,0,1,0,0
88,10,1,1,1,1,0,0,1,1,1,0,0,0
89,1,1,0.6,1,0.8,0,0,0,0,1,0,0,0
89,2,0.9,0.8,1,0.6,0,0,1,0,1,0,0,0
89,3,1,0.6,0.6,0.6,0,0,0,0,0,1,0,0
89,4,0.9,1,0.6,1,0,0,1,0,1,0,0,0
89,5,1,1,1,0.6,0,0,0,0,0,0,0,1
89,6,0.9,1,0.6,1,0,0,1,1,0,0,1,0
89,7,1,1,1,1,0,0,0,0,0,0,1,0
89,8,0.9,0.6,0.6,1,0,1,0,1,0,1,0,0
89,9,1,0.8,1,0.8,0,0,0,0,0,1,0,0
89,10,1,0.6,1,1,0,0,0,0,0,0,1,0
90,1,1,0.8,1,1,1,0,1,1,1,0,0,0
90,2,0.9,1,0.6,0.8,0,0,1,0,0,0,0,1
90,3,1,1,1,0.6,0,0,0,1,0,0,0,1
90,4,0.9,1,0.6,0.6,1,0,1,1,1,0,0,0
90,5,1,1,1,0.6,0,0,0,1,0,0,0,1
90,6,1,1,0.8,1,1,0,1,1,1,0,0,0
90,7,1,0.6,1,1,0,0,0,1,0,0,0,1
90,8,1,0.6,1,0.6,0,0,1,0,1,0,0,0
90,9,1,0.6,1,0.6,0,0,0,0,0,1,0,0
90,10,1,1,1,1,0,0,1,0,1,0,0,0
91,1,1,1,1,1,0,0,1,1,0,0,1,0
91,2,1,1,1,1,0,0,0,0,1,0,0,0
91,3,1,1,1,0.8,0,0,1,0,0,0,1,0
91,4,0.8,1,1,0.8,0,0,1,0,0,0,1,0
91,5,1,1,1,1,0,0,0,0,1,0,0,0
91,6,1,0.8,0.6,1,0,0,0,0,1,0,0,0
91,7,1,0.8,0.8,1,0,0,1,0,0,0,1,0
91,8,0.9,0.6,0.6,1,0,0,0,0,0,1,0,0
91,9,1,0.8,1,1,1,0,1,0,0,0,1,0
91,10,0.8,0.8,1,1,0,0,1,0,1,0,0,0
92,1,1,1,1,1,0,0,0,0,0,1,0,0
92,2,1,0.8,0.6,1,0,0,0,1,0,0,0,1
92,3,1,1,1,1,1,0,0,1,0,0,0,1
92,4,0.9,1,1,1,1,0,0,1,1,0,0,0
92,5,1,0.8,1,0.8,0,0,0,1,0,0,0,1
92,6,1,1,1,0.6,0,0,0,1,1,0,0,0
92,7,1,1,1,0.8,0,0,0,0,1,0,0,0
92,8,1,1,1,1,0,0,1,0,0,1,0,0
92,9,1,0.6,1,0.8,1,0,0,1,1,0,0,0
92,10,1,0.6,1,1,0,0,1,0,0,0,1,0
93,1,1,0.8,1,0.6,1,0,1,0,1,0,0,0
93,2,1,0.8,1,0.8,0,0,1,0,0,1,0,0
93,3,1,1,1,0.6,0,0,1,1,0,0,0,1
93,4,1,0.8,0.6,1,0,0,0,1,1,0,0,0
93,5,1,1,0.6,1,0,0,0,0,0,0,1,0
93,6,0.9,1,1,1,0,0,1,0,0,0,1,0
93,7,0.9,1,1,0.6,0,0,0,0,0,0,0,1
93,8,1,1,1,1,1,0,0,1,1,0,0,0
93,9,1,0.8,1,0.8,0,1,0,0,0,1,0,0
93,10,1,1,1,1,1,0,0,0,1,0,0,0
94,1,1,0.8,1,0.8,0,0,0,0,1,0,0,0
94,2,1,0.8,1,0.6,0,0,1,0,0,0,0,1
94,3,0.9,0.6,0.6,0.6,0,0,0,0,1,0,0,0
94,4,1,0.8,0.6,0.6,0,0,0,0,0,0,0,1
94,5,1,0.8,1,0.6,1,0,1,1,0,0,0,1
94,6,1,0.8,1,0.6,1,0,0,1,0,0,0,1
94,7,1,0.8,1,0.8,0,0,0,0,1,0,0,0
94,8,1,0.6,1,1,0,0,1,0,0,1,0,0
94,9,1,0.6,1,0.8,1,0,0,1,0,0,0,1
94,10,0.8,0.8,1,1,0,0,0,0,0,0,0,1
95,1,1,0.6,1,0.6,1,0,0,0,1,0,0,0
95,2,1,0.6,1,0.8,1,0,1,0,1,0,0,0
95,3,1,0.8,0.6,0.8,0,0,1,0,0,0,1,0
95,4,0.9,0.6,1,0.8,0,0,1,1,0,0,0,1
95,5,1,1,1,1,1,1,0,0,1,0,0,0
95,6,1,1,0.6,0.8,0,0,0,1,0,0,0,1
95,7,1,1,0.6,0.6,0,0,0,0,1,0,0,0
95,8,0.8,0.8,0.6,0.8,0,0,0,0,0,0,1,0
95,9,0.9,1,1,1,0,0,0,0,0,1,0,0
95,10,0.9,1,0.8,0.8,0,0,0,1,0,0,0,1
96,1,1,0.6,1,0.8,0,0,1,0,0,1,0,0
96,2,1,0.6,0.8,0.6,0,0,1,0,0,0,1,0
96,3,0.9,0.6,0.6,1,1,0,0,0,0,1,0,0
96,4,1,1,1,1,0,0,1,0,1,0,0,0
96,5,1,1,0.6,1,0,1,0,0,0,1,0,0
96,6,1,1,1,1,1,0,0,0,1,0,0,0
96,7,0.9,1,1,0.6,0,1,0,1,0,0,0,1
96,8,1,1,1,0.8,0,0,0,1,0,0,0,1
96,9,0.8,0.6,0.6,0.8,0,0,1,1,0,0,0,1
96,10,0.9,0.8,1,0.8,0,0,0,1,1,0,0,0
97,1,1,0.6,1,1,0,0,0,0,0,1,0,0
97,2,1,1,0.6,1,0,1,0,0,1,0,0,0
97,3,1,0.8,1,1,0,0,0,0,1,0,0,0
97,4,0.9,1,1,0.6,1,0,1,1,1,0,0,0
97,5,1,1,1,1,0,0,1,0,0,0,0,1
97,6,1,1,1,1,0,0,0,0,1,0,0,0
97,7,1,0.8,0.6,0.6,1,0,0,0,0,0,1,0
97,8,1,0.8,0.8,1,0,0,0,0,1,0,0,0
97,9,1,1,1,1,0,0,0,0,1,0,0,0
97,10,1,0.6,1,1,0,0,1,0,0,1,0,0
98,1,1,0.8,0.6,1,0,0,1,0,0,0,1,0
98,2,0.8,0.8,1,1,0,0,0,0,0,0,1,0
98,3,1,1,0.8,0.8,0,0,0,0,0,0,1,0
98,4,0.8,1,1,0.6,0,0,0,1,1,0,0,0
98,5,1,1,0.8,1,0,0,0,0,1,0,0,0
98,6,1,0.6,0.8,1,0,0,0,0,0,0,0,1
98,7,1,0.8,1,1,0,0,1,0,0,1,0,0
98,8,1,0.6,1,1,0,0,0,0,0,1,0,0
98,9,1,0.6,1,0.8,1,0,1,0,1,0,0,0
98,10,0.8,0.8,1,1,0,0,1,0,0,0,1,0
99,1,1,0.6,1,0.6,0,0,1,1,0,0,0,1
99,2,0.8,0.6,1,1,0,0,1,1,1,0,0,0
99,3,1,0.6,1,1,1,0,1,1,1,0,0,0
99,4,1,1,1,0.8,0,0,0,0,1,0,0,0
99,5,1,0.8,1,1,0,0,0,0,0,1,0,0
99,6,1,0.8,0.6,1,0,0,1,1,0,0,1,0
99,7,0.9,0.8,1,0.8,0,0,1,1,0,1,0,0
99,8,1,1,1,0.6,0,0,1,0,0,0,1,0
99,9,1,1,1,1,0,0,1,0,0,0,1,0
99,10,0.9,0.8,1,0.8,0,0,0,0,0,1,0,0
100,1,0.9,1,1,0.6,1,1,1,1,0,0,0,1
100,2,0.9,0.8,1,0.8,0,1,0,0,0,1,0,0
100,3,1,1,1,0.8,0,1,0,1,0,1,0,0
100,4,1,0.6,0.6,1,0,0,1,1,1,0,0,0
100,5,1,1,1,1,1,0,1,0,0,1,0,0
100,6,1,1,1,0.8,0,1,0,0,1,0,0,0
100,7,1,1,1,0.6,0,0,0,0,0,0,0,1
100,8,1,0.8,1,0.8,0,1,1,1,1,0,0,0
100,9,1,1,1,0.8,0,0,0,1,0,0,0,1
100,10,1,1,1,1,0,0,0,0,1,0,0,0
101,1,1,1,1,0.8,0,0,1,1,0,0,0,1
101,2,0.9,1,1,1,0,0,1,1,0,0,1,0
101,3,1,1,1,0.8,0,0,1,0,0,0,1,0
101,4,0.8,0.8,1,0.8,1,0,0,1,1,0,0,0
101,5,1,1,0.8,1,1,1,1,0,1,0,0,0
101,6,0.9,0.8,1,0.8,0,0,0,0,1,0,0,0
101,7,1,1,1,0.6,1,0,1,1,0,0,0,1
101,8,1,0.8,1,1,0,0,0,0,1,0,0,0
101,9,1,0.8,1,0.8,1,0,1,0,1,0,0,0
101,10,1,1,1,0.8,0,0,0,0,0,0,0,1
102,1,1,0.6,1,1,0,0,0,0,1,0,0,0
102,2,1,1,1,1,0,1,0,1,0,1,0,0
102,3,1,0.6,1,1,0,0,1,0,0,1,0,0
102,4,1,0.8,1,0.8,0,0,1,0,0,0,1,0
102,5,1,1,1,0.8,1,0,0,0,1,0,0,0
102,6,1,1,1,1,0,0,0,0,0,1,0,0
102,7,1,1,1,1,0,0,1,0,1,0,0,0
102,8,1,0.8,0.6,1,0,1,0,1,0,0,1,0
102,9,1,1,1,0.8,0,0,1,0,1,0,0,0
102,10,0.9,1,1,1,1,0,0,0,1,0,0,0
103,1,1,0.6,0.6,1,0,0,0,1,0,1,0,0
103,2,1,1,0.8,1,0,0,0,1,1,0,0,0
103,3,1,0.8,1,1,0,0,1,1,0,0,1,0
103,4,0.8,0.6,1,0.8,0,0,0,0,0,1,0,0
103,5,1,0.8,0.6,0.8,0,0,1,0,0,0,1,0
103,6,0.9,0.6,1,1,1,0,1,0,1,0,0,0
103,7,1,1,0.8,1,1,0,1,0,0,0,1,0
103,8,1,1,1,1,0,0,0,0,1,0,0,0
103,9,0.9,0.6,1,0.8,0,0,0,1,0,0,0,1
103,10,1,1,1,1,1,0,1,0,1,0,0,0
104,1,1,1,0.8,0.8,0,0,0,1,0,0,0,1
104,2,0.9,1,1,0.6,0,0,1,0,1,0,0,0
104,3,1,0.6,1,0.8,0,0,1,1,1,0,0,0
104,4,0.9,1,1,1,0,0,1,1,0,0,0,1
104,5,1,0.6,1,0.8,0,0,0,0,0,1,0,0
104,6,0.9,1,0.6,1,0,0,0,0,0,0,1,0
104,7,1,0.6,1,0.6,0,1,0,1,0,1,0,0
104,8,1,1,0.8,1,1,0,0,0,1,0,0,0
104,9,1,0.8,0.8,1,0,0,0,0,0,1,0,0
104,10,1,1,1,1,0,0,0,0,1,0,0,0
105,1,1,0.6,1,1,0,0,1,0,0,0,0,1
105,2,1,0.8,1,0.6,0,0,0,0,0,1,0,0
105,3,0.9,1,0.6,1,0,0,0,0,1,0,0,0
105,4,0.9,1,1,1,0,1,0,1,0,1,0,0
105,5,0.9,1,1,1,1,0,1,1,1,0,0,0
105,6,1,1,0.6,1,0,0,1,0,0,0,1,0
105,7,1,0.8,1,1,0,1,0,0,1,0,0,0
105,8,0.9,0.6,1,0.8,1,0,0,1,0,0,0,1
105,9,0.9,1,0.8,1,1,0,0,1,0,0,0,1
105,10,1,1,1,1,0,0,0,0,1,0,0,0
106,1,0.8,0.6,0.8,1,0,0,0,0,0,1,0,0
106,2,1,0.6,1,1,1,1,0,0,0,1,0,0
106,3,1,1,1,0.8,0,0,0,0,0,1,0,0
106,4,1,1,0.6,1,0,0,0,1,1,0,0,0
106,5,1,1,1,0.6,0,0,0,0,1,0,0,0
106,6,1,0.8,1,1,0,0,0,0,0,1,0,0
106,7,1,0.6,1,0.6,0,0,1,0,0,1,0,0
106,8,1,0.6,1,0.8,0,0,0,1,1,0,0,0
106,9,1,1,1,0.8,0,0,1,1,0,0,0,1
106,10,1,0.8,1,1,0,0,0,1,0,0,0,1
107,1,1,1,1,1,1,0,0,1,0,0,0,1
107,2,1,1,1,1,0,0,0,1,1,0,0,0
107,3,1,1,1,1,1,0,0,1,1,0,0,0
107,4,0.8,1,1,0.6,0,0,1,0,0,0,1,0
107,5,0.9,1,0.6,0.8,0,0,0,0,0,0,1,0
107,6,1,0.8,1,0.8,0,1,1,0,0,1,0,0
107,7,1,1,1,1,0,0,1,1,0,0,0,1
107,8,1,0.8,0.6,1,0,0,1,1,0,0,1,0
107,9,0.8,0.8,1,1,0,1,0,0,0,1,0,0
107,10,1,1,1,1,0,0,1,1,0,0,1,0
108,1,1,1,1,0.8,0,0,1,0,0,0,0,1
108,2,1,1,0.6,0.8,0,0,1,1,0,0,1,0
108,3,1,0.6,0.6,1,0,0,1,1,0,0,1,0
108,4,0.9,1,1,0.8,1,1,1,0,1,0,0,0
108,5,1,0.6,1,0.8,0,0,0,1,0,1,0,0
108,6,1,1,1,0.6,0,0,0,0,1,0,0,0
108,7,1,0.8,0.6,1,0,0,0,1,0,0,1,0
108,8,1,0.8,0.6,1,0,0,1,1,0,0,0,1
108,9,1,0.8,1,1,0,0,0,0,0,1,0,0
108,10,1,0.8,0.6,1,0,0,0,0,0,0,1,0
109,1,0.9,0.8,1,0.8,0,0,0,1,0,0,0,1
109,2,1,1,1,1,1,0,0,1,1,0,0,0
109,3,1,1,1,1,0,0,0,0,1,0,0,0
109,4,1,0.8,1,0.8,0,0,0,0,0,1,0,0
109,5,1,1,1,0.6,1,0,0,1,1,0,0,0
109,6,1,0.8,0.8,0.8,1,0,0,1,1,0,0,0
109,7,1,0.6,0.8,1,1,0,1,0,1,0,0,0
109,8,1,1,1,0.8,1,0,1,0,1,0,0,0
109,9,0.9,0.8,1,1,0,0,1,0,1,0,0,0
109,10,1,0.8,0.8,1,1,0,0,1,1,0,0,0
110,1,1,1,1,1,0,1,0,0,0,1,0,0
110,2,1,0.8,0.6,1,0,0,1,0,0,1,0,0
110,3,0.8,1,1,0.8,0,0,1,0,1,0,0,0
110,4,1,1,1,0.8,1,0,1,0,1,0,0,0
110,5,1,0.6,1,0.6,0,0,0,1,0,0,0,1
110,6,1,1,1,0.8,0,0,0,1,0,0,0,1
110,7,1,0.8,1,1,0,0,0,0,0,0,1,0
110,8,1,0.8,1,0.6,0,0,0,0,0,0,0,1
110,9,0.9,1,1,1,1,1,0,1,1,0,0,0
110,10,1,1,1,1,0,0,0,0,1,0,0,0
111,1,0.9,0.6,0.6,1,0,0,0,0,1,0,0,0
111,2,1,0.8,1,1,0,0,0,1,0,1,0,0
111,3,1,0.6,1,1,0,1,1,0,0,1,0,0
111,4,1,0.8,1,0.8,0,0,0,0,1,0,0,0
111,5,1,0.8,1,0.8,0,0,0,0,1,0,0,0
111,6,1,1,1,1,0,0,1,0,0,1,0,0
111,7,1,0.8,1,1,0,0,0,0,0,1,0,0
111,8,1,1,1,0.8,0,0,0,0,0,0,0,1
111,9,1,1,0.6,0.8,0,0,1,0,0,0,1,0
111,10,1,1,1,1,0,0,1,1,0,0,0,1
112,1,1,0.6,1,0.8,0,0,1,0,1,0,0,0
112,2,1,0.8,1,0.8,0,0,1,0,0,0,1,0
112,3,1,1,1,1,1,1,0,0,1,0,0,0
112,4,1,1,0.8,1,0,0,1,0,1,0,0,0
112,5,0.8,0.6,1,1,0,0,0,0,1,0,0,0
112,6,1,1,1,1,0,0,0,1,1,0,0,0
112,7,1,1,0.6,1,0,0,1,0,1,0,0,0
112,8,1,0.6,0.6,0.6,0,0,0,1,1,0,0,0
112,9,1,0.8,0.6,1,1,0,0,0,1,0,0,0
112,10,1,0.6,1,0.6,1,0,0,0,1,0,0,0
113,1,1,1,1,1,0,0,0,0,0,1,0,0
113,2,1,1,1,0.8,0,0,0,0,0,1,0,0
113,3,0.9,0.6,1,1,0,0,1,0,0,1,0,0
113,4,1,1,1,0.8,0,0,1,1,0,1,0,0
113,5,1,0.8,1,0.6,0,0,1,0,0,1,0,0
113,6,0.9,0.8,1,1,0,0,0,1,0,0,0,1
113,7,1,1,1,1,0,0,0,1,1,0,0,0
113,8,1,0.8,0.8,0.6,0,0,1,0,0,0,0,1
113,9,0.9,1,1,0.8,0,1,0,0,0,1,0,0
113,10,1,1,1,0.6,0,0,0,0,0,0,0,1
114,1,1,1,0.6,1,0,0,0,1,0,0,0,1
114,2,1,1,1,1,0,0,0,0,1,0,0,0
114,3,0.9,0.6,0.6,1,1,0,0,1,1,0,0,0
114,4,0.9,0.8,1,0.8,0,0,1,0,0,0,1,0
114,5,0.9,0.8,1,1,1,0,0,0,1,0,0,0
114,6,1,0.6,1,1,1,0,0,0,0,1,0,0
114,7,1,0.8,1,1,0,0,1,1,1,0,0,0
114,8,1,1,1,1,0,0,1,1,0,1,0,0
114,9,0.8,0.6,1,0.8,0,0,1,0,0,1,0,0
114,10,1,1,0.6,0.6,0,0,1,0,0,0,1,0
115,1,1,1,1,0.8,0,0,0,0,1,0,0,0
115,2,1,0.6,1,1,0,0,0,0,0,1,0,0
115,3,1,1,0.8,1,1,0,1,0,0,0,1,0
115,4,0.9,0.6,1,0.8,0,0,0,1,0,1,0,0
115,5,1,0.6,1,1,0,0,0,0,0,1,0,0
115,6,0.8,1,0.6,0.8,0,0,1,1,0,0,0,1
115,7,1,1,1,0.6,0,0,1,0,0,0,0,1
115,8,1,1,1,1,0,1,1,0,0,0,1,0
115,9,0.9,0.8,1,1,0,0,1,0,0,1,0,0
115,10,1,0.8,1,1,0,0,1,1,1,0,0,0
116,1,1,0.6,0.6,0.8,0,0,0,0,1,0,0,0
116,2,1,0.6,0.6,0.8,0,0,0,0,1,0,0,0
116,3,1,0.6,1,1,0,0,1,0,0,1,0,0
116,4,1,0.8,1,0.6,0,0,1,0,1,0,0,0
116,5,1,0.8,1,1,0,0,0,0,0,0,1,0
116,6,1,0.8,0.6,1,0,0,1,1,0,0,1,0
116,7,1,0.8,1,1,0,0,0,1,0,1,0,0
116,8,1,1,0.6,1,0,0,1,0,0,0,1,0
116,9,1,0.8,0.6,1,1,0,0,1,0,1,0,0
116,10,1,1,1,0.8,1,0,0,0,0,1,0,0
117,1,1,0.6,1,0.6,1,1,0,1,0,1,0,0
117,2,1,1,0.6,1,0,0,0,1,0,1,0,0
117,3,1,0.6,0.6,0.8,0,0,0,1,0,1,0,0
117,4,1,1,1,0.8,0,0,1,1,0,0,0,1
117,5,1,0.8,1,0.8,0,0,1,0,1,0,0,0
117,6,1,1,1,0.6,1,0,1,0,1,0,0,0
117,7,0.9,1,1,1,0,0,0,1,1,0,0,0
117,8,1,0.6,1,0.8,0,0,0,0,0,1,0,0
117,9,0.9,1,0.6,1,0,0,0,0,1,0,0,0
117,10,1,0.8,1,1,1,0,1,0,0,1,0,0
118,1,1,0.8,1,0.8,0,0,0,0,1,0,0,0
118,2,1,0.6,1,0.8,0,0,0,1,0,0,0,1
118,3,0.9,0.6,1,1,0,0,0,0,1,0,0,0
118,4,1,0.6,0.8,0.6,1,0,1,1,1,0,0,0
118,5,1,0.6,1,0.6,1,0,1,0,0,0,0,1
118,6,1,1,1,1,0,0,1,0,1,0,0,0
118,7,1,1,1,1,1,0,1,0,1,0,0,0
118,8,0.8,1,0.6,1,0,0,0,0,1,0,0,0
118,9,0.9,1,0.6,1,0,1,0,0,0,0,1,0
118,10,1,0.8,1,0.8,0,0,0,1,0,0,0,1
119,1,1,0.8,1,1,0,0,0,0,0,1,0,0
119,2,1,1,1,0.6,0,1,1,0,0,1,0,0
119,3,0.8,0.6,1,1,0,0,0,0,0,1,0,0
119,4,1,0.8,1,0.8,0,0,0,1,0,0,0,1
119,5,1,0.8,1,1,0,0,1,0,1,0,0,0
119,6,0.9,1,0.6,1,0,0,1,0,0,0,1,0
119,7,1,1,1,0.8,0,0,1,1,0,0,0,1
119,8,1,0.6,1,1,1,0,0,0,1,0,0,0
119,9,1,1,1,1,0,0,0,1,0,1,0,0
119,10,1,1,1,1,0,0,0,0,1,0,0,0
120,1,1,0.8,1,0.8,1,0,1,0,1,0,0,0
120,2,0.9,1,1,1,0,0,0,1,1,0,0,0
120,3,1,0.8,1,1,0,1,1,1,0,1,0,0
120,4,1,0.8,1,0.8,1,0,1,0,1,0,0,0
120,5,1,0.8,0.8,1,0,0,1,1,1,0,0,0
120,6,1,1,1,0.6,0,0,1,1,0,0,0,1
120,7,1,0.6,1,1,0,0,1,0,0,1,0,0
120,8,1,0.8,1,0.8,0,0,0,1,0,0,0,1
120,9,1,0.6,0.6,0.8,0,0,0,1,0,0,0,1
120,10,1,1,0.6,1,0,0,1,1,0,0,1,0
121,1,1,1,1,1,0,0,0,1,1,0,0,0
121,2,0.9,0.8,0.6,1,1,0,0,0,1,0,0,0
121,3,1,1,1,1,0,0,0,0,0,1,0,0
121,4,1,1,1,1,0,0,0,0,1,0,0,0
121,5,0.9,1,0.6,0.8,0,0,0,0,1,0,0,0
121,6,0.8,0.8,1,0.8,0,0,0,1,0,0,0,1
121,7,1,0.8,1,0.8,0,0,0,0,0,1,0,0
121,8,1,0.8,1,0.8,0,0,0,0,0,1,0,0
121,9,1,0.8,1,0.6,0,0,1,0,0,0,0,1
121,10,1,1,1,1,0,0,0,0,0,1,0,0
122,1,0.9,1,1,1,0,1,0,1,0,1,0,0
122,2,0.9,1,0.8,0.8,0,0,0,0,0,0,0,1
122,3,0.9,1,0.6,1,0,1,0,0,1,0,0,0
122,4,0.9,1,0.8,0.8,0,0,1,0,0,0,1,0
122,5,1,1,0.6,0.6,0,1,0,1,0,0,0,1
122,6,1,1,1,0.8,0,0,1,1,0,0,0,1
122,7,1,1,1,0.6,1,0,0,0,1,0,0,0
122,8,1,0.8,1,1,0,1,0,1,1,0,0,0
122,9,1,1,1,0.6,0,0,0,1,0,0,0,1
122,10,1,0.6,1,0.6,0,0,1,0,0,0,0,1
123,1,0.9,1,1,1,0,0,0,0,1,0,0,0
123,2,1,1,0.8,0.6,0,0,0,1,0,0,0,1
123,3,1,1,1,1,0,1,0,1,0,1,0,0
123,4,1,0.8,1,0.8,0,0,0,0,1,0,0,0
123,5,1,1,1,0.8,0,0,0,0,1,0,0,0
123,6,1,1,1,0.6,0,0,0,1,0,1,0,0
123,7,0.9,0.8,1,0.6,0,0,0,1,0,0,0,1
123,8,1,1,1,1,0,0,0,1,0,0,0,1
123,9,1,0.6,1,0.6,0,0,0,0,0,0,0,1
123,10,1,1,0.6,0.6,0,0,0,1,0,0,0,1
124,1,1,1,0.6,0.8,0,0,1,0,0,0,1,0
124,2,1,0.8,0.8,0.6,0,0,0,1,0,0,0,1
124,3,0.8,0.6,0.6,0.8,1,0,0,1,1,0,0,0
124,4,1,1,1,0.6,0,0,1,0,0,1,0,0
124,5,1,1,1,1,0,1,0,0,0,1,0,0
124,6,1,0.8,0.6,1,0,0,0,0,0,1,0,0
124,7,1,1,1,1,0,1,1,1,0,0,0,1
124,8,1,0.8,1,0.8,0,0,0,0,1,0,0,0
124,9,1,1,0.8,1,0,0,1,0,0,0,1,0
124,10,1,0.6,1,1,0,0,0,0,1,0,0,0
125,1,1,0.8,1,1,1,0,0,0,1,0,0,0
125,2,1,1,0.6,0.8,1,1,1,0,1,0,0,0
125,3,1,0.6,1,1,0,0,0,1,0,1,0,0
125,4,1,1,1,0.6,0,0,1,1,0,0,0,1
125,5,1,1,0.8,1,1,0,1,1,1,0,0,0
125,6,1,1,0.6,1,0,0,0,0,1,0,0,0
125,7,1,0.8,1,1,0,0,0,0,0,1,0,0
125,8,1,1,1,0.6,1,0,0,0,1,0,0,0
125,9,1,0.8,0.8,0.8,0,0,1,0,0,1,0,0
125,10,0.9,1,1,1,1,0,1,0,1,0,0,0
126,1,1,0.6,0.6,0.8,0,0,1,0,0,0,1,0
126,2,0.8,1,0.6,1,0,0,0,0,1,0,0,0
126,3,0.9,1,1,0.8,1,0,1,0,1,0,0,0
126,4,1,1,1,0.8,0,0,1,1,0,0,0,1
126,5,1,1,0.6,0.8,0,0,0,1,0,0,0,1
126,6,1,1,1,0.6,0,0,1,0,1,0,0,0
126,7,1,1,0.6,1,0,0,0,1,0,0,1,0
126,8,1,0.8,1,0.6,1,0,1,0,0,0,0,1
126,9,1,0.6,1,1,0,0,0,0,1,0,0,0
126,10,1,1,1,1,0,1,1,1,0,1,0,0
127,1,1,1,1,0.6,0,0,0,0,0,0,0,1
127,2,0.8,1,1,1,0,0,0,0,1,0,0,0
127,3,1,0.6,1,0.6,0,0,1,0,1,0,0,0
127,4,1,1,0.8,0.6,0,0,1,0,1,0,0,0
127,5,1,0.8,1,0.6,0,0,0,0,0,1,0,0
127,6,0.9,1,1,0.6,0,0,1,0,0,0,0,1
127,7,1,0.8,0.8,1,1,0,0,1,0,1,0,0
127,8,0.8,1,1,0.6,1,0,0,0,1,0,0,0
127,9,1,0.6,1,1,0,0,1,0,0,1,0,0
127,10,1,1,1,1,0,1,0,1,0,0,0,1
128,1,1,1,1,1,0,0,0,0,0,0,0,1
128,2,1,1,1,1,0,0,0,0,1,0,0,0
128,3,1,1,1,1,1,0,1,0,1,0,0,0
128,4,0.9,0.8,1,0.8,0,0,1,0,0,1,0,0
128,5,1,0.8,1,1,0,0,1,1,0,0,0,1
128,6,0.8,1,1,0.6,0,1,0,1,0,1,0,0
128,7,1,0.8,0.6,0.6,0,0,0,0,0,0,1,0
128,8,1,0.6,0.6,1,0,0,1,1,0,0,1,0
128,9,1,0.8,0.8,1,0,0,0,1,0,0,0,1
128,10,1,0.8,1,1,0,0,1,1,0,0,1,0
129,1,1,0.8,1,0.8,1,0,0,1,1,0,0,0
129,2,1,1,1,1,0,0,0,1,0,0,0,1
129,3,1,1,1,0.8,0,0,0,0,1,0,0,0
129,4,1,1,1,0.8,0,0,0,0,1,0,0,0
129,5,1,1,1,1,0,0,0,0,1,0,0,0
129,6,1,0.8,1,0.8,0,0,1,1,0,1,0,0
129,7,1,0.6,1,1,1,0,0,1,1,0,0,0
129,8,1,0.8,1,0.8,0,0,0,0,1,0,0,0
129,9,0.9,0.8,1,1,0,0,1,0,0,0,1,0
129,10,1,0.8,1,1,0,0,0,0,0,1,0,0
130,1,1,1,1,1,0,0,1,0,0,0,1,0
130,2,1,0.6,1,1,1,0,1,0,1,0,0,0
130,3,1,1,0.6,1,0,0,0,0,0,0,1,0
130,4,1,1,1,1,0,0,1,1,0,0,0,1
130,5,0.9,0.8,1,1,0,0,0,0,0,0,0,1
130,6,1,0.8,1,1,0,0,1,1,0,1,0,0
130,7,1,1,1,1,0,0,0,1,0,0,0,1
130,8,1,0.6,1,0.8,1,0,0,0,0,1,0,0
130,9,1,0.8,0.6,1,0,0,1,0,0,0,1,0
130,10,1,0.8,1,1,1,1,1,0,1,0,0,0
131,1,1,0.8,1,0.8,0,0,0,1,0,1,0,0
131,2,1,0.8,1,1,1,0,1,1,0,1,0,0
131,3,1,0.6,1,0.8,0,0,1,1,1,0,0,0
131,4,1,0.8,1,1,0,0,0,1,0,0,0,1
131,5,1,1,1,1,0,0,1,0,0,1,0,0
131,6,1,1,1,0.6,0,0,0,0,0,1,0,0
131,7,1,1,1,0.6,1,1,0,0,0,1,0,0
131,8,1,1,1,1,0,0,1,0,1,0,0,0
131,9,0.9,1,1,0.8,1,0,0,0,1,0,0,0
131,10,1,0.8,1,1,0,0,1,1,0,0,1,0
132,1,0.9,1,1,0.8,0,0,0,1,0,0,0,1
132,2,1,0.8,0.8,0.6,1,0,0,1,0,0,0,1
132,3,1,0.8,1,0.6,0,0,1,0,1,0,0,0
132,4,1,1,1,1,0,0,0,0,1,0,0,0
132,5,1,1,1,0.8,0,0,1,0,0,0,1,0
132,6,0.9,1,0.8,0.8,1,0,1,0,1,0,0,0
132,7,1,1,1,1,0,0,1,0,0,0,1,0
132,8,1,1,1,0.8,0,0,0,1,0,1,0,0
132,9,1,1,0.8,1,1,1,1,0,0,1,0,0
132,10,1,0.8,1,0.6,1,0,0,0,1,0,0,0
133,1,0.9,0.8,1,0.8,0,0,0,0,1,0,0,0
133,2,1,0.8,1,1,0,0,1,0,1,0,0,0
133,3,1,1,1,1,0,0,1,1,0,0,1,0
133,4,1,0.8,0.6,0.8,0,0,1,0,0,0,1,0
133,5,1,0.8,0.6,1,0,0,0,0,0,0,1,0
133,6,1,1,1,1,1,0,0,0,1,0,0,0
133,7,1,1,1,0.8,0,0,1,0,0,0,1,0
133,8,0.9,1,1,1,0,0,0,1,1,0,0,0
133,9,0.9,1,0.6,0.8,0,0,1,0,0,0,1,0
133,10,0.9,1,1,0.6,0,0,0,0,0,1,0,0
134,1,1,0.6,1,1,0,0,0,0,1,0,0,0
134,2,1,1,1,1,0,0,0,0,0,1,0,0
134,3,0.9,0.8,1,0.6,0,0,1,0,0,0,0,1
134,4,1,1,1,0.8,0,0,0,1,1,0,0,0
134,5,0.9,0.6,1,0.6,0,0,0,1,0,0,0,1
134,6,1,0.8,1,1,0,0,1,0,1,0,0,0
134,7,0.8,0.8,1,0.6,1,0,0,0,1,0,0,0
134,8,1,0.8,1,0.8,0,0,1,0,1,0,0,0
134,9,1,1,0.8,1,0,0,1,0,0,0,1,0
134,10,1,1,0.8,0.8,1,0,1,1,1,0,0,0
135,1,1,0.8,0.6,1,0,0,0,0,0,0,0,1
135,2,0.9,1,1,1,0,0,0,1,0,1,0,0
135,3,1,0.8,1,1,1,0,0,1,1,0,0,0
135,4,1,1,0.6,1,0,0,0,1,0,0,0,1
135,5,1,0.6,1,1,0,0,1,0,0,1,0,0
135,6,1,1,1,1,0,0,0,1,0,0,0,1
135,7,0.8,1,1,0.6,0,0,0,1,0,0,0,1
135,8,1,1,1,0.6,1,0,0,1,1,0,0,0
135,9,1,0.6,1,0.8,0,1,0,1,0,1,0,0
135,10,1,1,1,0.8,0,0,1,1,0,0,0,1
136,1,1,0.6,1,1,0,0,1,0,0,0,1,0
136,2,0.9,0.8,0.6,1,0,0,1,1,0,0,1,0
136,3,1,1,0.6,1,1,0,0,1,1,0,0,0
136,4,1,0.6,1,0.8,0,0,0,0,0,1,0,0
136,5,1,0.6,1,1,0,0,1,0,0,1,0,0
136,6,1,0.8,0.6,0.8,0,0,1,0,0,1,0,0
136,7,1,1,1,1,0,0,0,1,0,1,0,0
136,8,0.9,0.6,0.8,0.8,1,0,0,0,0,1,0,0
136,9,1,0.6,1,1,0,0,1,1,0,1,0,0
136,10,1,0.8,0.8,0.8,0,0,0,0,0,0,0,1
137,1,0.9,1,1,0.8,0,0,1,1,1,0,0,0
137,2,0.8,1,1,0.8,1,0,0,1,1,0,0,0
137,3,1,0.8,1,0.8,1,0,0,0,1,0,0,0
137,4,0.9,0.8,1,1,0,0,0,1,1,0,0,0
137,5,1,0.8,1,0.6,0,0,0,1,0,0,0,1
137,6,0.9,0.8,1,0.8,0,0,1,0,1,0,0,0
137,7,1,0.8,0.8,1,1,0,1,0,1,0,0,0
137,8,0.9,1,1,1,1,0,1,1,1,0,0,0
137,9,0.9,0.8,0.8,1,1,0,1,1,1,0,0,0
137,10,1,0.6,1,0.8,1,0,1,0,1,0,0,0
138,1,1,0.8,0.6,0.6,0,0,1,0,0,0,1,0
138,2,1,0.8,1,1,0,0,0,1,0,0,0,1
138,3,1,1,0.8,1,0,0,0,1,1,0,0,0
138,4,1,1,1,0.6,0,0,0,1,0,0,0,1
138,5,1,0.8,1,0.8,1,0,1,0,1,0,0,0
138,6,1,1,0.6,0.8,0,0,0,0,0,0,1,0
138,7,1,0.8,1,1,1,0,1,1,1,0,0,0
138,8,1,1,1,1,0,0,0,0,0,1,0,0
138,9,1,0.8,0.6,0.8,0,1,0,1,0,1,0,0
138,10,1,0.6,0.8,0.6,0,0,0,1,1,0,0,0
139,1,1,1,0.6,1,0,0,0,0,1,0,0,0
139,2,1,1,0.8,0.6,1,0,0,0,1,0,0,0
139,3,0.9,0.6,1,0.6,1,0,1,0,1,0,0,0
139,4,1,0.8,0.6,0.8,0,0,0,0,0,0,1,0
139,5,1,0.8,1,1,0,0,0,1,1,0,0,0
139,6,0.9,1,1,1,0,0,0,0,1,0,0,0
139,7,0.9,0.6,1,0.8,0,0,0,0,0,1,0,0
139,8,1,0.8,1,1,0,0,0,1,0,0,0,1
139,9,1,1,1,1,1,0,0,0,1,0,0,0
139,10,1,0.8,0.6,1,1,0,0,0,1,0,0,0
140,1,1,0.8,0.6,0.6,0,0,1,1,0,0,0,1
140,2,0.9,0.8,1,1,0,0,0,0,1,0,0,0
140,3,1,0.8,1,0.8,1,1,1,1,0,1,0,0
140,4,1,0.6,1,1,0,0,1,0,0,1,0,0
140,5,1,0.8,1,1,0,0,1,0,0,1,0,0
140,6,1,0.8,1,1,0,0,0,1,0,0,0,1
140,7,1,0.8,0.6,1,0,0,0,0,1,0,0,0
140,8,1,1,0.8,0.8,1,0,1,0,1,0,0,0
140,9,1,1,0.8,0.6,0,0,0,0,0,0,0,1
140,10,1,0.6,1,0.8,0,0,1,0,0,1,0,0
141,1,1,1,1,1,0,0,1,0,1,0,0,0
141,2,1,0.8,1,0.6,1,0,1,0,1,0,0,0
141,3,1,1,1,1,1,0,0,0,1,0,0,0
141,4,1,0.8,1,0.8,0,0,0,0,1,0,0,0
141,5,1,0.8,0.6,0.6,0,0,0,0,0,0,1,0
141,6,0.9,0.8,1,1,0,0,0,0,1,0,0,0
141,7,1,0.8,0.6,1,0,0,1,0,0,1,0,0
141,8,1,1,1,1,0,0,1,1,0,1,0,0
141,9,0.9,0.6,1,1,1,0,0,0,1,0,0,0
141,10,0.9,1,1,0.8,0,0,0,1,1,0,0,0
142,1,1,1,0.8,0.8,0,0,1,0,0,0,1,0
142,2,1,1,0.6,1,0,0,0,1,1,0,0,0
142,3,0.9,1,1,1,0,0,0,1,1,0,0,0
142,4,1,1,1,0.8,0,0,1,0,0,0,1,0
142,5,1,1,0.6,1,0,0,1,1,0,0,1,0
142,6,0.9,1,1,0.8,0,0,0,1,0,0,0,1
142,7,1,0.8,1,0.8,0,1,0,0,0,0,0,1
142,8,1,1,0.8,0.6,1,0,0,1,1,0,0,0
142,9,1,0.6,1,1,0,0,1,0,0,0,1,0
142,10,1,0.8,1,0.8,1,0,0,1,1,0,0,0
143,1,1,1,1,0.8,1,0,0,1,1,0,0,0
143,2,1,1,0.8,0.6,0,0,0,1,0,0,0,1
143,3,1,1,1,1,0,0,0,1,1,0,0,0
143,4,1,1,1,0.8,0,0,1,1,0,0,0,1
143,5,1,1,0.6,0.8,0,0,0,0,0,0,1,0
143,6,1,1,1,1,0,0,1,0,1,0,0,0
143,7,1,1,1,0.8,0,0,1,1,0,0,0,1
143,8,0.9,0.8,1,1,0,0,0,1,0,1,0,0
143,9,1,1,0.8,0.6,0,0,0,1,0,0,0,1
143,10,1,1,1,0.8,0,0,0,0,0,1,0,0
144,1,1,0.8,1,0.8,1,0,1,1,0,0,0,1
144,2,1,1,1,0.6,1,0,0,1,0,1,0,0
144,3,1,1,1,0.6,0,0,0,1,0,0,0,1
144,4,1,0.8,1,0.6,0,0,0,0,0,1,0,0
144,5,1,1,1,0.8,0,0,1,1,0,0,0,1
144,6,1,0.8,1,0.6,0,0,0,0,0,0,0,1
144,7,1,1,1,0.6,0,1,1,0,0,1,0,0
144,8,0.9,0.6,0.8,0.8,0,0,1,1,0,0,0,1
144,9,1,1,0.6,0.6,0,0,0,1,0,0,0,1
144,10,1,1,1,1,0,0,1,0,0,0,1,0
145,1,0.9,1,0.8,1,0,0,0,0,1,0,0,0
145,2,1,0.8,1,0.8,0,0,0,1,0,0,0,1
145,3,1,0.8,0.8,1,0,0,0,1,0,0,0,1
145,4,0.9,1,1,0.8,0,1,0,0,0,1,0,0
145,5,1,1,1,1,0,0,1,0,1,0,0,0
145,6,1,0.8,1,1,0,1,1,0,0,1,0,0
145,7,1,1,1,1,1,0,1,0,1,0,0,0
145,8,1,1,1,0.6,1,0,0,0,1,0,0,0
145,9,1,1,1,1,0,0,0,0,1,0,0,0
145,10,1,1,1,1,0,0,0,0,0,1,0,0
146,1,1,1,1,0.8,1,0,0,1,1,0,0,0
146,2,1,0.8,1,0.8,0,0,0,0,0,1,0,0
146,3,1,1,1,0.6,0,1,1,0,1,0,0,0
146,4,1,1,1,0.6,1,0,1,0,0,0,0,1
146,5,0.9,0.8,1,0.8,0,0,0,0,1,0,0,0
146,6,0.9,0.6,0.6,0.8,1,0,0,1,0,0,0,1
146,7,1,0.8,1,0.8,1,1,0,0,0,1,0,0
146,8,1,1,1,1,0,0,0,1,0,0,0,1
146,9,0.9,1,1,1,0,1,0,0,0,1,0,0
146,10,0.9,1,1,0.6,0,0,1,0,0,1,0,0
147,1,1,0.6,1,1,0,0,0,1,0,1,0,0
147,2,1,1,1,0.6,0,1,0,0,0,1,0,0
147,3,1,1,1,1,1,0,0,0,1,0,0,0
147,4,1,1,1,0.8,1,0,1,0,1,0,0,0
147,5,0.9,1,1,0.6,1,0,1,0,1,0,0,0
147,6,1,1,1,1,0,0,0,1,1,0,0,0
147,7,1,0.8,1,1,0,0,0,0,0,1,0,0
147,8,1,1,0.6,0.6,1,0,1,1,0,0,1,0
147,9,1,0.8,1,1,0,0,1,0,0,1,0,0
147,10,1,0.6,1,0.6,0,0,1,0,0,1,0,0
148,1,1,0.8,1,1,0,0,0,0,1,0,0,0
148,2,1,1,0.6,1,0,0,0,1,0,0,1,0
148,3,0.9,1,1,0.8,0,0,1,0,1,0,0,0
148,4,1,0.6,1,0.6,1,1,0,0,0,1,0,0
148,5,1,0.8,1,1,0,1,0,0,0,1,0,0
148,6,0.8,0.8,1,1,0,0,0,0,0,0,1,0
148,7,1,0.6,1,1,0,0,1,0,0,1,0,0
148,8,1,0.8,0.6,0.6,0,0,0,1,1,0,0,0
148,9,0.9,0.6,0.6,1,0,0,1,0,0,1,0,0
148,10,0.9,0.8,0.6,1,0,0,1,0,0,0,1,0
149,1,1,0.8,1,1,1,0,1,0,0,1,0,0
149,2,0.9,0.8,1,1,1,0,0,0,1,0,0,0
149,3,1,0.8,1,1,0,1,0,1,0,1,0,0
149,4,1,0.8,1,1,1,0,0,0,1,0,0,0
149,5,1,0.6,1,1,1,0,1,0,1,0,0,0
149,6,1,1,1,0.8,0,0,0,0,0,0,0,1
149,7,0.8,0.8,1,0.6,0,0,0,0,1,0,0,0
149,8,1,0.8,0.8,1,1,0,0,0,1,0,0,0
149,9,1,1,1,0.8,0,0,0,0,1,0,0,0
149,10,1,1,1,0.6,0,0,0,1,0,0,0,1
150,1,0.9,1,1,1,1,0,0,0,1,0,0,0
150,2,1,0.6,0.6,0.8,1,0,0,1,1,0,0,0
150,3,0.9,0.8,1,1,0,0,1,1,1,0,0,0
150,4,0.9,1,1,1,0,0,1,1,1,0,0,0
150,5,1,0.8,1,1,0,0,1,1,1,0,0,0
150,6,1,1,1,1,0,0,1,1,1,0,0,0
150,7,1,0.8,1,0.8,0,0,0,0,1,0,0,0
150,8,1,0.6,1,0.6,1,0,0,1,1,0,0,0
150,9,1,1,1,1,0,0,0,0,0,1,0,0
150,10,0.8,0.6,1,1,0,0,0,1,1,0,0,0
151,1,1,0.8,0.8,0.6,0,0,0,0,1,0,0,0
151,2,1,0.6,0.8,0.8,0,0,1,0,0,0,1,0
151,3,1,1,1,0.6,1,0,0,1,1,0,0,0
151,4,1,1,0.6,1,0,0,0,0,0,1,0,0
151,5,1,1,1,1,0,0,0,1,0,0,0,1
151,6,1,1,1,0.8,0,0,1,0,1,0,0,0
151,7,1,1,0.8,0.8,0,0,1,0,0,0,1,0
151,8,1,0.6,1,0.8,0,0,0,0,0,1,0,0
151,9,0.9,1,1,1,0,0,1,0,1,0,0,0
151,10,0.9,0.8,1,1,0,0,1,0,0,0,1,0
152,1,1,1,1,0.8,0,0,0,0,1,0,0,0
152,2,1,1,0.6,1,1,0,0,1,0,0,0,1
152,3,1,0.8,0.6,0.6,1,0,1,0,0,0,1,0
152,4,0.9,1,1,1,0,0,1,0,1,0,0,0
152,5,0.9,1,0.6,1,0,0,0,1,1,0,0,0
152,6,1,0.6,0.8,0.6,0,0,0,0,0,1,0,0
152,7,1,1,1,1,0,1,0,0,0,1,0,0
152,8,1,0.8,1,1,0,0,0,0,0,1,0,0
152,9,1,0.6,0.6,0.8,0,0,0,0,0,1,0,0
152,10,0.9,1,1,0.6,1,0,1,0,1,0,0,0
153,1,1,0.6,1,1,1,0,1,0,1,0,0,0
153,2,1,0.8,1,0.6,0,0,0,1,0,0,0,1
153,3,1,1,1,1,0,0,0,0,1,0,0,0
153,4,1,1,0.6,0.8,1,0,1,0,1,0,0,0
153,5,0.8,1,1,0.6,0,0,0,1,0,0,0,1
153,6,1,1,1,0.8,1,0,0,0,1,0,0,0
153,7,1,0.8,0.6,1,0,0,1,0,0,0,1,0
153,8,1,0.6,0.6,1,0,0,1,0,0,0,1,0
153,9,1,0.8,0.6,0.6,0,1,1,0,0,0,1,0
153,10,1,1,0.6,1,1,0,0,0,1,0,0,0
154,1,1,0.8,0.6,0.8,0,0,0,0,1,0,0,0
154,2,0.9,0.8,1,1,0,0,0,0,0,1,0,0
154,3,1,1,0.8,1,0,0,0,1,0,0,0,1
154,4,0.9,0.6,1,0.6,0,0,0,0,0,1,0,0
154,5,0.9,0.6,1,1,0,0,0,0,1,0,0,0
154,6,1,0.6,1,0.8,0,0,1,0,0,0,1,0
154,7,0.9,1,1,0.8,0,0,0,0,1,0,0,0
154,8,1,0.8,1,1,0,0,0,0,1,0,0,0
154,9,1,1,1,1,0,1,0,1,0,1,0,0
154,10,1,0.8,1,1,1,0,1,0,1,0,0,0
155,1,1,0.8,1,0.8,0,0,1,1,0,1,0,0
155,2,1,1,1,0.8,0,0,1,0,1,0,0,0
155,3,1,1,1,1,0,1,1,0,0,1,0,0
155,4,1,1,1,0.8,0,0,0,0,1,0,0,0
155,5,1,1,1,0.8,0,0,0,0,1,0,0,0
155,6,1,1,1,1,0,0,0,0,1,0,0,0
155,7,0.9,1,1,1,0,0,1,1,1,0,0,0
155,8,1,1,1,0.8,0,0,0,0,1,0,0,0
155,9,1,0.6,0.6,1,0,0,1,0,1,0,0,0
155,10,1,1,0.6,0.6,0,0,1,0,1,0,0,0
156,1,0.9,1,0.6,0.8,0,0,1,0,0,0,1,0
156,2,1,0.8,0.6,1,1,0,0,1,1,0,0,0
156,3,1,0.6,1,0.8,0,0,1,1,0,0,0,1
156,4,1,0.6,1,0.8,0,0,0,0,0,1,0,0
156,5,1,1,1,0.8,0,1,0,1,0,1,0,0
156,6,0.9,0.8,1,0.6,0,0,0,0,1,0,0,0
156,7,1,0.8,0.6,0.8,0,0,1,0,0,0,1,0
156,8,0.9,1,1,1,0,0,0,0,1,0,0,0
156,9,1,0.8,0.8,0.6,0,0,1,1,0,0,1,0
156,10,0.8,1,0.8,1,0,1,0,1,0,1,0,0
157,1,0.9,0.6,1,0.8,0,1,1,0,0,1,0,0
157,2,1,0.8,1,1,1,1,0,0,1,0,0,0
157,3,1,1,1,1,0,0,1,1,1,0,0,0
157,4,1,1,1,0.8,0,0,0,0,0,0,0,1
157,5,1,1,0.6,1,0,0,0,0,0,0,1,0
157,6,1,0.8,1,1,0,0,0,1,1,0,0,0
157,7,1,0.8,1,1,1,0,0,0,0,1,0,0
157,8,1,1,1,1,0,0,0,0,0,0,1,0
157,9,0.8,0.8,1,0.8,1,0,0,1,1,0,0,0
157,10,0.9,1,1,1,1,0,0,1,1,0,0,0
158,1,1,1,1,1,0,0,0,1,1,0,0,0
158,2,1,0.8,1,1,0,1,0,1,0,1,0,0
158,3,0.9,0.8,1,0.6,0,0,0,0,1,0,0,0
158,4,1,1,0.6,0.6,1,0,1,0,1,0,0,0
158,5,1,1,0.6,1,0,0,1,0,1,0,0,0
158,6,1,0.8,1,1,1,0,1,0,0,0,1,0
158,7,0.8,0.6,1,0.6,0,0,1,0,0,1,0,0
158,8,1,0.8,0.8,0.8,0,0,0,1,1,0,0,0
158,9,1,1,1,0.8,0,0,0,0,0,1,0,0
158,10,1,0.8,1,1,0,0,1,0,1,0,0,0
159,1,1,0.8,1,0.8,0,0,1,0,0,0,1,0
159,2,1,1,1,0.8,0,0,0,1,0,0,0,1
159,3,1,0.8,1,0.8,0,0,0,0,1,0,0,0
159,4,1,0.8,0.8,0.8,0,0,0,1,0,0,0,1
159,5,1,1,0.6,1,0,0,0,0,0,0,1,0
159,6,1,1,1,0.8,1,0,0,0,1,0,0,0
159,7,1,0.8,0.8,0.8,0,0,0,0,1,0,0,0
159,8,0.8,0.8,1,1,0,0,0,0,1,0,0,0
159,9,1,0.6,0.6,1,0,0,1,0,1,0,0,0
159,10,1,1,1,1,0,0,0,1,1,0,0,0
160,1,1,1,1,1,1,0,0,1,1,0,0,0
160,2,1,0.8,1,0.8,0,0,0,0,0,1,0,0
160,3,1,1,0.6,0.6,0,0,1,0,0,0,1,0
160,4,1,1,1,0.8,0,0,1,0,0,1,0,0
160,5,1,1,0.8,0.8,0,0,1,1,0,0,1,0
160,6,1,0.8,1,1,0,0,0,0,0,0,0,1
160,7,1,0.6,1,1,0,0,0,1,0,1,0,0
160,8,0.9,0.6,1,1,0,0,0,1,0,0,0,1
160,9,0.9,1,0.6,1,0,0,0,0,0,0,1,0
160,10,1,0.8,0.8,1,0,1,0,0,0,1,0,0
161,1,0.9,0.8,0.6,1,0,1,0,0,0,1,0,0
161,2,1,0.8,0.6,0.8,0,0,0,1,0,0,1,0
161,3,1,0.6,1,0.8,0,0,0,1,0,1,0,0
161,4,1,1,1,1,1,0,1,1,1,0,0,0
161,5,1,1,0.8,0.6,1,0,0,1,1,0,0,0
161,6,0.9,0.8,1,0.8,0,0,0,0,0,1,0,0
161,7,1,0.8,1,0.8,0,0,0,0,0,0,0,1
161,8,1,0.6,0.6,1,1,0,0,1,0,0,1,0
161,9,1,0.6,1,1,0,0,0,0,0,1,0,0
161,10,1,1,1,1,1,0,0,0,1,0,0,0
162,1,0.9,0.6,1,0.8,0,0,0,1,0,0,0,1
162,2,0.9,1,1,0.6,0,0,0,0,1,0,0,0
162,3,0.8,0.8,1,0.6,0,0,1,0,1,0,0,0
162,4,1,1,1,1,0,0,1,0,1,0,0,0
162,5,1,1,0.6,0.8,0,0,1,0,0,0,1,0
162,6,1,1,1,1,1,0,0,0,1,0,0,0
162,7,1,1,1,1,0,0,1,0,0,0,1,0
162,8,1,1,1,0.6,1,0,0,0,0,1,0,0
162,9,1,0.6,1,1,1,0,1,0,0,0,1,0
162,10,1,0.8,1,0.8,0,0,0,0,0,1,0,0
163,1,0.9,1,1,1,0,0,1,1,0,0,1,0
163,2,1,1,1,1,0,0,1,0,1,0,0,0
163,3,0.9,1,1,0.8,0,0,1,0,0,1,0,0
163,4,0.9,0.8,1,1,0,0,0,0,0,1,0,0
163,5,1,0.8,1,0.6,0,0,0,0,1,0,0,0
163,6,1,1,0.6,0.8,0,0,1,0,0,0,1,0
163,7,1,0.8,1,1,0,0,0,1,0,0,0,1
163,8,1,1,0.6,1,1,0,0,0,1,0,0,0
163,9,1,0.6,0.6,1,0,0,0,1,0,1,0,0
163,10,0.8,1,1,1,0,0,0,1,1,0,0,0
164,1,1,1,0.6,0.8,1,0,0,0,1,0,0,0
164,2,1,0.8,1,0.8,1,0,0,1,1,0,0,0
164,3,0.9,0.6,1,0.6,0,0,0,1,0,1,0,0
164,4,1,0.6,0.6,0.8,1,1,0,0,1,0,0,0
164,5,0.9,0.8,1,0.8,1,0,0,0,1,0,0,0
164,6,1,0.8,1,1,1,1,1,0,1,0,0,0
164,7,0.8,1,1,0.6,0,0,0,0,0,0,0,1
164,8,1,0.8,0.6,0.8,0,0,0,0,1,0,0,0
164,9,1,1,1,0.8,0,1,1,0,0,1,0,0
164,10,1,0.8,1,0.6,1,0,1,1,0,1,0,0
165,1,0.9,1,1,1,0,0,1,1,0,0,0,1
165,2,1,0.6,1,1,0,0,0,1,1,0,0,0
165,3,1,1,1,0.6,0,0,1,1,0,0,0,1
165,4,1,0.6,1,1,0,1,0,0,0,1,0,0
165,5,1,0.6,0.8,1,0,1,0,0,0,1,0,0
165,6,1,1,1,1,0,0,1,0,0,0,1,0
165,7,1,0.6,0.8,1,0,0,1,1,0,0,1,0
165,8,1,0.8,0.6,1,0,0,0,0,0,1,0,0
165,9,1,1,1,1,0,0,1,1,0,0,1,0
165,10,1,1,1,1,0,1,1,0,1,0,0,0
166,1,1,1,1,1,0,0,1,0,1,0,0,0
166,2,1,1,1,0.8,0,0,0,1,1,0,0,0
166,3,1,1,1,1,0,0,0,0,1,0,0,0
166,4,1,1,0.6,0.8,0,0,0,0,1,0,0,0
166,5,0.8,0.6,1,0.6,1,0,1,0,1,0,0,0
166,6,1,1,1,0.8,0,0,0,0,1,0,0,0
166,7,1,0.8,1,0.8,0,0,1,1,0,1,0,0
166,8,1,1,1,0.8,0,0,1,1,0,0,0,1
166,9,1,1,1,1,0,1,0,0,0,1,0,0
166,10,1,0.8,1,0.6,1,0,0,1,1,0,0,0
167,1,1,1,1,0.6,0,0,0,1,0,0,0,1
167,2,1,0.8,1,1,0,1,0,1,0,1,0,0
167,3,1,1,0.6,1,1,0,1,0,1,0,0,0
167,4,0.9,0.6,1,0.8,0,0,1,1,0,1,0,0
167,5,1,1,0.6,0.8,0,0,1,1,0,0,1,0
167,6,1,1,1,0.6,0,0,0,0,1,0,0,0
167,7,1,0.8,1,0.8,0,0,0,1,0,0,0,1
167,8,1,1,0.6,1,0,0,1,0,0,0,1,0
167,9,1,0.8,1,1,0,0,1,0,1,0,0,0
167,10,0.9,1,0.8,1,0,1,1,1,0,1,0,0
168,1,1,0.6,0.8,0.8,0,0,0,0,0,1,0,0
168,2,1,0.6,0.6,1,0,0,0,0,0,1,0,0
168,3,1,0.6,1,1,1,0,1,1,1,0,0,0
168,4,1,1,1,1,0,1,0,1,0,1,0,0
168,5,1,0.8,0.6,0.8,0,0,0,0,0,0,1,0
168,6,1,1,1,1,0,0,1,0,0,1,0,0
168,7,1,0.6,0.6,1,0,0,0,0,0,1,0,0
168,8,1,0.8,1,1,0,0,0,1,1,0,0,0
168,9,0.9,1,1,1,0,0,0,1,1,0,0,0
168,10,0.9,1,1,0.6,1,0,1,0,1,0,0,0
169,1,0.9,0.6,0.6,1,0,0,0,0,0,1,0,0
169,2,1,0.8,1,1,0,1,1,0,0,1,0,0
169,3,1,1,1,1,1,0,0,1,0,0,1,0
169,4,1,1,1,1,0,0,1,1,0,0,1,0
169,5,1,1,1,1,1,0,1,0,1,0,0,0
169,6,1,1,0.8,1,0,0,0,0,0,0,1,0
169,7,1,1,1,1,0,0,0,0,1,0,0,0
169,8,1,0.8,1,0.8,0,0,0,0,1,0,0,0
169,9,0.9,1,1,1,0,0,1,0,0,1,0,0
169,10,0.8,1,1,1,0,0,0,1,1,0,0,0
170,1,1,1,1,1,1,0,0,0,0,1,0,0
170,2,1,1,0.6,1,0,0,0,0,1,0,0,0
170,3,0.9,1,1,0.6,0,0,0,0,1,0,0,0
170,4,1,1,1,0.6,0,0,0,0,0,0,0,1
170,5,1,0.8,0.6,1,0,0,1,1,0,1,0,0
170,6,1,0.8,0.6,0.6,0,0,1,0,0,1,0,0
170,7,1,0.8,1,1,0,0,1,0,0,0,1,0
170,8,1,0.6,1,1,0,0,0,0,1,0,0,0
170,9,0.9,0.8,1,0.6,0,0,0,1,1,0,0,0
170,10,1,0.8,0.6,1,0,0,1,1,0,0,1,0
171,1,1,0.6,1,0.8,1,0,1,0,0,1,0,0
171,2,0.9,1,0.8,0.6,1,0,0,1,0,0,0,1
171,3,1,1,1,1,0,0,0,1,0,0,0,1
171,4,0.9,0.8,1,1,0,1,1,0,0,0,1,0
171,5,1,1,1,0.8,0,0,0,1,1,0,0,0
171,6,0.9,0.6,0.6,0.6,0,1,0,0,0,1,0,0
171,7,1,0.8,1,1,1,0,1,0,1,0,0,0
171,8,1,0.6,1,0.8,1,1,0,0,1,0,0,0
171,9,1,0.8,1,0.8,1,0,0,1,1,0,0,0
171,10,1,1,0.8,1,0,0,1,0,1,0,0,0
172,1,1,1,1,0.8,0,0,0,0,0,1,0,0
172,2,1,1,0.6,0.6,0,1,0,0,0,1,0,0
172,3,1,1,1,0.8,0,0,1,0,1,0,0,0
172,4,1,0.8,1,1,0,0,1,1,1,0,0,0
172,5,1,1,0.6,0.8,0,0,0,1,0,0,0,1
172,6,1,0.8,1,0.8,1,0,0,0,1,0,0,0
172,7,1,0.6,1,0.8,0,0,0,1,0,0,0,1
172,8,0.8,1,1,0.8,0,0,0,0,1,0,0,0
172,9,0.8,1,1,0.8,0,0,1,0,1,0,0,0
172,10,1,1,0.8,0.6,0,0,0,0,1,0,0,0
173,1,1,1,1,1,0,0,1,1,0,0,0,1
173,2,1,1,1,0.6,0,0,1,1,1,0,0,0
173,3,1,0.8,1,1,1,0,0,0,1,0,0,0
173,4,1,1,1,0.6,0,0,0,0,0,0,0,1
173,5,0.9,0.8,0.8,0.8,0,0,1,0,0,0,1,0
173,6,1,0.6,1,0.8,0,1,0,0,0,1,0,0
173,7,1,0.8,1,0.6,1,0,0,0,1,0,0,0
173,8,0.9,1,1,1,0,0,1,1,0,0,0,1
173,9,1,0.8,1,1,0,0,0,0,0,1,0,0
173,10,1,0.8,0.8,1,1,0,0,1,1,0,0,0
174,1,1,0.8,1,1,0,0,1,1,0,0,0,1
174,2,1,0.6,0.6,1,0,0,1,1,0,0,1,0
174,3,0.9,1,1,0.8,0,0,1,1,1,0,0,0
174,4,1,0.8,0.6,0.8,1,0,0,1,0,0,0,1
174,5,0.8,0.8,0.8,1,1,0,1,1,0,0,1,0
174,6,1,1,1,1,0,0,1,1,0,0,1,0
174,7,1,1,1,1,0,0,0,0,1,0,0,0
174,8,1,1,0.6,0.6,0,0,0,0,1,0,0,0
174,9,0.8,0.8,0.6,0.8,1,0,1,1,0,0,1,0
174,10,1,1,1,0.8,0,1,1,0,0,1,0,0
175,1,1,0.8,1,1,0,0,0,0,0,1,0,0
175,2,1,1,1,0.8,0,0,1,0,0,1,0,0
175,3,1,0.8,1,1,0,0,0,0,1,0,0,0
175,4,1,1,1,0.8,1,0,0,0,1,0,0,0
175,5,0.9,0.8,1,1,0,0,1,0,1,0,0,0
175,6,1,1,0.6,0.8,0,0,0,0,1,0,0,0
175,7,1,1,1,0.6,0,0,1,0,0,0,1,0
175,8,1,0.8,0.8,1,0,0,0,1,0,0,0,1
175,9,1,0.8,1,1,0,1,1,0,0,1,0,0
175,10,1,1,1,0.6,0,0,0,0,0,1,0,0
176,1,1,1,1,1,0,0,1,1,0,0,1,0
176,2,0.9,0.8,1,0.6,0,0,0,1,0,0,0,1
176,3,1,1,0.6,0.8,0,0,0,1,1,0,0,0
176,4,0.9,1,0.6,0.8,0,0,1,0,0,0,1,0
176,5,1,0.6,1,1,0,1,0,0,0,1,0,0
176,6,1,0.8,1,0.6,1,0,0,0,0,1,0,0
176,7,1,1,0.8,0.8,0,0,0,0,0,0,0,1
176,8,1,1,1,1,0,0,0,0,0,1,0,0
176,9,1,0.8,0.6,1,0,0,0,1,0,1,0,0
176,10,0.9,1,0.8,0.8,0,0,0,0,0,1,0,0
177,1,1,0.6,1,1,0,0,1,1,0,1,0,0
177,2,1,1,1,0.8,0,0,0,0,0,0,0,1
177,3,0.9,1,1,1,0,0,1,1,1,0,0,0
177,4,1,0.6,1,1,0,0,0,1,0,0,0,1
177,5,1,1,1,1,0,0,0,1,0,0,0,1
177,6,1,0.6,1,0.8,0,0,1,0,0,0,1,0
177,7,1,0.6,1,1,1,0,1,0,0,0,1,0
177,8,1,1,1,0.8,1,0,1,0,1,0,0,0
177,9,1,0.8,1,0.8,0,1,1,1,0,0,0,1
177,10,0.9,0.8,1,0.8,0,0,0,0,0,0,1,0
178,1,1,1,1,1,0,0,1,1,0,0,1,0
178,2,1,1,1,0.6,0,0,1,0,0,0,0,1
178,3,1,0.6,1,0.8,0,0,0,0,0,1,0,0
178,4,1,1,1,1,0,0,1,0,1,0,0,0
178,5,1,0.8,0.8,1,0,0,1,0,0,0,1,0
178,6,1,1,0.6,0.6,0,0,0,0,1,0,0,0
178,7,1,0.6,1,1,0,0,1,0,0,1,0,0
178,8,1,1,0.8,0.6,0,0,1,1,0,0,0,1
178,9,1,1,0.6,0.6,1,0,1,1,0,0,0,1
178,10,1,0.8,0.6,1,0,0,0,1,0,0,1,0
179,1,1,1,1,1,1,0,0,1,1,0,0,0
179,2,0.8,0.6,1,1,0,0,0,0,0,1,0,0
179,3,0.9,0.8,1,1,0,0,0,0,0,1,0,0
179,4,0.9,0.8,1,0.8,1,0,0,0,1,0,0,0
179,5,1,0.6,1,0.6,0,0,0,0,0,1,0,0
179,6,1,1,1,1,0,0,0,1,0,0,1,0
179,7,1,0.8,1,0.8,0,0,1,0,0,0,1,0
179,8,1,0.8,1,0.8,1,0,0,0,1,0,0,0
179,9,1,1,1,1,0,0,0,1,0,1,0,0
179,10,1,1,1,1,0,0,0,1,0,0,0,1
180,1,1,1,1,0.6,0,0,0,0,0,0,0,1
180,2,1,1,1,1,0,0,0,1,0,0,1,0
180,3,1,1,0.6,0.6,0,0,0,0,0,0,0,1
180,4,1,0.8,1,0.6,0,0,0,1,0,0,0,1
180,5,1,0.6,1,0.8,1,0,0,1,1,0,0,0
180,6,0.9,0.6,1,0.6,0,0,0,1,0,0,0,1
180,7,1,1,0.8,0.8,0,0,0,0,1,0,0,0
180,8,0.9,0.8,0.8,0.8,1,0,0,0,1,0,0,0
180,9,1,1,0.6,0.6,0,0,0,1,0,0,0,1
180,10,1,0.6,1,0.8,0,0,0,1,0,1,0,0
181,1,1,1,0.6,0.6,0,0,0,0,1,0,0,0
181,2,1,0.6,0.8,0.6,0,0,0,0,0,1,0,0
181,3,0.9,1,1,0.8,0,0,0,0,1,0,0,0
181,4,0.9,1,0.6,1,0,0,1,1,0,0,1,0
181,5,1,1,0.6,1,0,0,1,0,0,0,1,0
181,6,0.8,0.8,1,1,0,0,0,1,1,0,0,0
181,7,1,0.8,1,1,0,0,0,1,0,0,0,1
181,8,0.9,1,1,0.8,0,1,1,0,1,0,0,0
181,9,0.8,1,1,1,0,1,0,0,0,1,0,0
181,10,1,0.8,0.6,0.6,0,0,0,0,0,0,1,0
182,1,1,1,1,0.8,0,0,0,1,0,0,0,1
182,2,1,0.6,0.6,1,0,0,0,0,0,1,0,0
182,3,0.9,0.8,1,0.8,0,0,1,0,1,0,0,0
182,4,1,1,1,0.8,0,0,1,1,0,0,0,1
182,5,1,0.6,0.6,0.8,1,0,0,1,0,1,0,0
182,6,1,0.6,1,0.8,0,0,1,1,0,1,0,0
182,7,1,0.8,0.6,0.8,0,0,0,1,0,0,0,1
182,8,0.9,1,0.8,1,0,0,0,1,0,1,0,0
182,9,1,0.8,0.8,0.8,0,0,0,1,0,0,1,0
182,10,1,0.8,1,1,0,0,1,0,0,1,0,0
183,1,0.9,0.6,1,0.8,0,0,1,1,1,0,0,0
183,2,1,1,1,0.8,0,0,0,0,1,0,0,0
183,3,1,0.6,1,1,0,0,0,0,0,1,0,0
183,4,1,0.8,0.6,0.8,1,0,0,1,1,0,0,0
183,5,1,1,1,1,0,1,0,0,0,1,0,0
183,6,1,1,1,1,0,0,1,1,0,0,1,0
183,7,1,1,0.6,1,0,0,0,0,1,0,0,0
183,8,1,0.8,0.6,1,0,0,0,0,1,0,0,0
183,9,1,1,0.6,0.6,0,0,1,0,0,0,1,0
183,10,1,0.6,1,0.8,0,0,0,0,1,0,0,0
184,1,1,0.6,1,1,1,0,1,1,1,0,0,0
184,2,1,1,0.6,1,0,0,1,1,0,0,1,0
184,3,1,1,1,1,1,0,1,1,1,0,0,0
184,4,1,0.6,1,1,0,0,0,0,0,1,0,0
184,5,1,1,1,0.6,0,0,1,0,0,1,0,0
184,6,0.9,1,1,0.6,0,0,0,1,0,0,0,1
184,7,1,0.8,1,1,0,0,0,1,0,1,0,0
184,8,1,1,0.6,1,0,1,0,0,0,1,0,0
184,9,1,1,1,1,0,0,0,0,0,0,0,1
184,10,0.9,1,1,0.8,1,0,0,1,1,0,0,0
185,1,1,0.8,0.6,1,0,0,1,1,0,0,1,0
185,2,1,0.8,1,1,0,0,0,0,0,1,0,0
185,3,1,1,1,0.6,0,0,0,1,0,0,0,1
185,4,1,1,1,1,1,0,0,1,1,0,0,0
185,5,1,0.6,1,0.8,1,0,1,0,1,0,0,0
185,6,0.9,1,1,0.8,0,0,1,1,0,0,0,1
185,7,0.9,0.6,0.6,1,0,1,0,1,0,1,0,0
185,8,1,0.6,1,0.8,0,0,0,0,0,1,0,0
185,9,1,0.6,0.8,0.8,0,0,1,1,1,0,0,0
185,10,0.9,0.8,1,0.6,1,0,0,1,1,0,0,0
186,1,1,1,0.8,1,0,0,1,0,0,0,1,0
186,2,1,1,1,0.8,0,0,0,0,0,0,0,1
186,3,0.9,1,1,0.6,0,1,0,1,0,0,0,1
186,4,1,1,0.6,1,0,0,0,0,0,0,1,0
186,5,1,0.6,0.6,0.6,0,0,0,0,0,0,0,1
186,6,1,0.8,0.8,1,0,0,0,1,0,0,0,1
186,7,1,0.6,1,1,0,0,0,0,0,1,0,0
186,8,1,0.6,1,0.6,1,0,0,1,0,0,0,1
186,9,0.9,1,0.8,1,0,1,0,0,0,1,0,0
186,10,1,0.6,1,1,1,0,0,0,1,0,0,0
187,1,1,0.8,0.8,0.8,1,0,0,0,1,0,0,0
187,2,0.9,0.8,1,1,0,0,0,1,0,1,0,0
187,3,0.9,0.8,1,0.8,1,1,0,0,1,0,0,0
187,4,1,1,1,1,0,0,0,0,0,1,0,0
187,5,1,0.8,1,1,1,0,0,1,1,0,0,0
187,6,1,0.8,1,1,0,0,1,0,0,0,1,0
187,7,1,0.8,1,0.6,0,0,1,0,0,1,0,0
187,8,0.9,1,1,0.8,1,0,0,0,1,0,0,0
187,9,1,0.8,0.6,1,0,0,0,1,0,0,1,0
187,10,0.9,0.8,1,0.6,0,1,1,1,0,1,0,0
188,1,1,0.6,1,0.8,1,0,1,0,1,0,0,0
188,2,1,0.6,1,1,1,1,1,0,1,0,0,0
188,3,1,1,1,0.8,1,0,0,1,1,0,0,0
188,4,0.9,0.8,1,1,0,0,1,1,1,0,0,0
188,5,1,0.8,1,0.8,0,0,0,0,0,0,0,1
188,6,1,0.6,1,1,0,0,0,1,0,1,0,0
188,7,1,1,1,1,0,0,1,0,1,0,0,0
188,8,0.9,0.8,0.6,0.8,0,0,0,0,1,0,0,0
188,9,0.9,0.6,1,1,0,0,1,1,0,1,0,0
188,10,1,0.6,1,1,0,0,0,1,0,1,0,0
189,1,1,0.8,0.6,1,0,0,0,1,0,0,1,0
189,2,1,1,1,1,0,0,0,0,1,0,0,0
189,3,1,0.8,1,0.8,0,1,0,0,0,1,0,0
189,4,1,0.6,0.6,1,0,0,0,0,0,1,0,0
189,5,1,1,0.6,0.8,0,0,1,0,1,0,0,0
189,6,0.8,0.8,0.6,1,0,0,1,0,0,0,1,0
189,7,1,1,1,1,1,0,0,1,1,0,0,0
189,8,0.8,0.8,1,0.8,0,0,0,0,1,0,0,0
189,9,1,0.8,0.6,1,0,0,0,1,0,1,0,0
189,10,1,1,0.6,1,0,0,0,0,0,1,0,0
190,1,1,1,1,1,0,0,0,0,1,0,0,0
190,2,1,1,0.6,0.8,0,0,1,0,0,0,0,1
190,3,0.9,0.8,1,1,0,0,0,0,0,1,0,0
190,4,0.9,1,1,1,0,0,1,0,0,0,1,0
190,5,1,1,1,1,0,0,1,0,0,0,1,0
190,6,0.9,1,1,1,0,0,1,0,1,0,0,0
190,7,1,0.8,0.6,0.6,0,1,0,0,0,1,0,0
190,8,0.8,0.8,1,1,0,0,0,0,0,1,0,0
190,9,1,0.6,0.6,1,0,0,0,0,0,0,1,0
190,10,0.9,1,0.6,1,0,0,0,0,0,1,0,0
191,1,1,0.8,1,1,0,0,0,1,0,1,0,0
191,2,1,1,0.6,0.8,0,0,1,1,0,0,1,0
191,3,1,1,0.6,0.8,1,0,1,0,0,0,1,0
191,4,1,0.6,1,0.8,0,0,0,0,0,1,0,0
191,5,1,1,1,0.6,1,1,1,1,1,0,0,0
191,6,1,1,0.6,0.8,1,0,0,0,0,1,0,0
191,7,1,0.8,1,1,0,1,0,0,0,1,0,0
191,8,0.9,0.8,0.6,0.8,0,0,1,0,0,0,1,0
191,9,1,0.6,1,0.8,0,0,1,0,0,1,0,0
191,10,1,0.6,0.6,1,0,0,0,0,0,1,0,0
192,1,1,1,1,0.8,0,0,1,0,1,0,0,0
192,2,1,1,1,0.8,1,0,1,0,1,0,0,0
192,3,1,0.8,0.6,0.6,0,0,0,0,1,0,0,0
192,4,1,0.6,1,0.8,0,0,0,0,0,1,0,0
192,5,1,0.8,0.6,1,0,0,0,1,0,0,0,1
192,6,1,1,1,0.6,0,0,0,1,0,0,0,1
192,7,1,1,1,1,0,0,1,0,1,0,0,0
192,8,1,1,1,0.6,0,0,1,0,0,1,0,0
192,9,1,0.8,0.6,0.6,0,0,1,1,0,0,1,0
192,10,1,1,1,0.8,0,0,0,1,1,0,0,0
193,1,1,1,1,1,0,0,0,1,1,0,0,0
193,2,1,0.6,0.8,0.8,0,0,0,0,1,0,0,0
193,3,0.8,1,1,1,1,0,1,0,1,0,0,0
193,4,1,1,1,0.6,0,0,0,1,0,0,0,1
193,5,0.9,1,0.8,0.6,0,0,0,0,0,0,0,1
193,6,1,1,1,1,0,0,1,0,0,0,1,0
193,7,1,1,1,1,0,0,1,0,1,0,0,0
193,8,1,0.6,1,0.6,0,0,0,0,1,0,0,0
193,9,1,0.8,0.8,1,0,0,1,1,0,0,1,0
193,10,0.9,1,1,0.8,0,0,1,1,1,0,0,0
194,1,1,0.6,1,0.8,0,1,1,1,0,1,0,0
194,2,0.9,1,1,0.8,0,0,0,0,1,0,0,0
194,3,1,0.8,0.6,0.8,0,0,0,0,0,0,1,0
194,4,1,1,1,0.6,1,0,1,1,1,0,0,0
194,5,0.9,1,0.8,1,1,0,1,0,0,0,1,0
194,6,0.8,1,1,1,0,0,1,0,0,0,1,0
194,7,1,1,1,1,1,1,1,1,1,0,0,0
194,8,0.9,1,1,0.6,0,0,0,1,0,0,0,1
194,9,1,0.8,1,1,1,0,1,1,0,0,1,0
194,10,1,0.8,0.8,0.6,0,0,0,0,0,0,0,1
195,1,1,0.8,1,0.8,1,0,0,1,0,1,0,0
195,2,1,0.6,1,1,0,0,0,0,0,1,0,0
195,3,1,1,0.8,0.8,0,0,0,0,0,0,0,1
195,4,1,1,1,1,0,0,1,0,0,0,1,0
195,5,1,0.6,1,0.8,1,0,0,0,1,0,0,0
195,6,0.9,0.8,0.6,0.6,0,1,0,1,0,0,0,1
195,7,1,0.8,1,0.6,0,0,0,1,1,0,0,0
195,8,1,0.6,1,1,0,0,0,0,1,0,0,0
195,9,1,0.6,1,1,0,0,0,0,0,0,1,0
195,10,1,0.8,1,1,0,0,0,0,0,1,0,0
196,1,1,1,1,1,0,0,1,1,1,0,0,0
196,2,1,0.8,1,1,0,0,0,0,1,0,0,0
196,3,1,0.8,0.6,1,0,0,0,0,0,1,0,0
196,4,0.9,0.8,1,1,0,0,0,1,0,0,0,1
196,5,1,1,0.8,0.8,1,0,0,0,0,0,1,0
196,6,0.9,1,0.8,0.8,0,0,0,0,0,0,1,0
196,7,1,0.6,1,1,0,1,0,0,0,1,0,0
196,8,1,0.8,1,1,0,0,1,0,0,1,0,0
196,9,1,0.8,1,0.8,0,0,1,1,0,0,0,1
196,10,1,1,1,1,1,0,0,1,1,0,0,0
197,1,1,0.6,0.8,1,0,0,1,1,0,0,0,1
197,2,1,1,1,0.8,0,0,0,0,1,0,0,0
197,3,1,1,1,1,0,0,0,1,1,0,0,0
197,4,1,0.8,1,0.8,0,0,0,0,0,1,0,0
197,5,1,0.8,1,0.6,1,1,0,0,0,1,0,0
197,6,1,0.6,1,0.6,0,0,1,0,1,0,0,0
197,7,1,1,0.6,1,0,0,1,0,1,0,0,0
197,8,1,1,1,0.8,0,0,1,0,0,1,0,0
197,9,0.8,0.8,1,0.6,0,0,1,0,0,1,0,0
197,10,1,1,0.6,1,0,0,1,0,0,0,1,0
198,1,1,1,1,0.8,1,0,0,0,1,0,0,0
198,2,1,1,0.6,0.8,0,0,0,1,0,0,0,1
198,3,1,1,1,0.6,0,0,1,1,0,0,0,1
198,4,1,0.6,0.8,1,0,0,0,1,0,0,0,1
198,5,0.9,1,0.6,0.6,0,0,1,1,0,0,0,1
198,6,1,1,0.8,0.6,0,0,1,1,0,0,0,1
198,7,1,1,1,0.8,0,0,1,1,0,0,0,1
198,8,1,1,1,0.6,0,0,1,0,0,0,1,0
198,9,0.8,0.8,0.8,1,0,0,1,0,0,0,1,0
198,10,1,0.6,0.6,1,0,0,1,1,0,0,1,0
199,1,1,0.8,0.8,0.6,0,0,0,0,0,1,0,0
199,2,1,0.8,1,0.8,0,0,0,0,0,0,0,1
199,3,1,0.8,1,1,0,0,0,0,0,0,0,1
199,4,0.8,0.6,0.8,0.8,0,0,0,1,1,0,0,0
199,5,1,1,1,0.6,0,0,0,1,0,1,0,0
199,6,0.9,0.6,1,0.8,0,0,0,0,1,0,0,0
199,7,1,0.6,1,1,0,0,1,1,0,0,0,1
199,8,1,0.6,1,1,0,0,1,0,0,1,0,0
199,9,1,0.8,1,1,0,0,1,0,1,0,0,0
199,10,1,1,1,0.6,0,0,0,0,0,1,0,0
200,1,1,0.6,1,1,1,0,1,0,1,0,0,0
200,2,1,0.6,1,0.6,0,0,1,1,0,0,0,1
200,3,1,1,0.6,0.8,0,0,1,1,0,0,1,0
200,4,0.9,0.6,1,0.6,0,0,1,1,1,0,0,0
200,5,1,1,1,1,0,0,1,0,1,0,0,0
200,6,1,1,0.6,0.6,0,0,0,0,0,1,0,0
200,7,1,1,0.6,0.6,1,0,1,1,1,0,0,0
200,8,1,1,0.6,0.8,0,0,1,0,0,0,1,0
200,9,1,0.8,1,0.8,0,0,0,1,0,0,0,1
200,10,1,1,1,1,1,0,0,1,1,0,0,0